[21591.567586] Parse,12746,7f8992e38ff0,323448993
[21591.567626] Parse,12746,7f8992e37ff0,323448993
[21591.567665] Parse,12746,7f8992e36ff0,323448993
[21591.567705] Parse,12746,7f8992e35ff0,323448993
[21591.567752] Parse,12746,7f8992e34ff0,323448993
[21591.567793] Parse,12746,7f8992e33ff0,323448993
[21591.567834] Parse,12746,7f8992e32ff0,323448993
[21591.567873] Parse,12746,7f8992e31ff0,323448993
[21591.567912] Parse,12746,7f8992e30ff0,323448993
[21591.567955] Parse,12746,7f8992e2fff0,323448993
[21591.567996] Parse,12746,7f8992e2eff0,323448993
[21591.568036] Parse,12746,7f8992e2dff0,323448993
[21591.568075] Parse,12746,7f8992e2cff0,323448993
[21591.568116] Parse,12746,7f8992e2bff0,323448993
[21591.568156] Parse,12746,7f8992e2aff0,323448993
[21591.568195] Parse,12746,7f8992e29ff0,323448993
[21591.568235] Parse,12746,7f8992e28ff0,323448993
[21591.568276] Parse,12746,7f8992e27ff0,323448993
[21591.568316] Parse,12746,7f8992e26ff0,323448993
[21591.568356] Parse,12746,7f8992e25ff0,323448993
[21591.568396] Parse,12746,7f8992e24ff0,323448993
[21591.568435] Parse,12746,7f8992e23ff0,323448993
[21591.568474] Parse,12746,7f8992e22ff0,323448993
[21591.568514] Parse,12746,7f8992e21ff0,323448993
[21591.568554] Parse,12746,7f8992e20ff0,323448993
[21591.568595] Parse,12746,7f8992e1fff0,323448993
[21591.568635] Parse,12746,7f8992e1eff0,323448993
[21591.568676] Parse,12746,7f8992e1dff0,323448993
[21591.568715] Parse,12746,7f8992e1cff0,323448993
[21591.568756] Parse,12746,7f8992e1bff0,323448993
[21591.568796] Parse,12746,7f8992e1aff0,323448993
[21591.568836] Parse,12746,7f8992e19ff0,323448993
[21591.568876] Parse,12746,7f8992e18ff0,323448993
[21591.568916] Parse,12746,7f8992e17ff0,323448993
[21591.568956] Parse,12746,7f8992e16ff0,323448993
[21591.568997] Parse,12746,7f8992e15ff0,323448993
[21591.569036] Parse,12746,7f8992e14ff0,323448993
[21591.569076] Parse,12746,7f8992e13ff0,323448993
[21591.569117] Parse,12746,7f8992e12ff0,323448993
[21591.569157] Parse,12746,7f8992e11ff0,323448993
[21591.569199] Parse,12746,7f8992e10ff0,323448993
[21591.569240] Parse,12746,7f8992e0fff0,323448993
[21591.569665] Parse,12746,7f8992e0eff0,327449221
[21591.569708] Parse,12746,7f8992e0dff0,327449221
[21591.569748] Parse,12746,7f8992e0cff0,327449221
[21591.569789] Parse,12746,7f8992e0bff0,327449221
[21591.569829] Parse,12746,7f8992e0aff0,327449221
[21591.569868] Parse,12746,7f8992e09ff0,327449221
[21591.569908] Parse,12746,7f8992e08ff0,327449221
[21591.569949] Parse,12746,7f8992e07ff0,327449221
[21591.569988] Parse,12746,7f8992e06ff0,327449221
[21591.570027] Parse,12746,7f8992e05ff0,327449221
[21591.570066] Parse,12746,7f8992e04ff0,327449221
[21591.570106] Parse,12746,7f8992e03ff0,327449221
[21591.570146] Parse,12746,7f8992e02ff0,327449221
[21591.570185] Parse,12746,7f8992e01ff0,327449221
[21591.570227] Parse,12746,7f8992e00ff0,327449221
[21591.570267] Parse,12746,7f8992dffff0,327449221
[21591.570310] Parse,12746,7f8992dfeff0,327449221
[21591.570350] Parse,12746,7f8992dfdff0,327449221
[21591.570391] Parse,12746,7f8992dfcff0,327449221
[21591.570433] Parse,12746,7f8992dfbff0,327449221
[21591.570473] Parse,12746,7f8992dfaff0,327449221
[21591.570513] Parse,12746,7f8992df9ff0,327449221
[21591.570553] Parse,12746,7f8992df8ff0,327449221
[21591.570594] Parse,12746,7f8992df7ff0,327449221
[21591.570633] Parse,12746,7f8992df6ff0,327449221
[21591.570673] Parse,12746,7f8992df5ff0,327449221
[21591.570714] Parse,12746,7f8992df4ff0,327449221
[21591.570762] Parse,12746,7f8992df3ff0,327449221
[21591.570804] Parse,12746,7f8992df2ff0,327449221
[21591.570846] Parse,12746,7f8992df1ff0,327449221
[21591.570886] Parse,12746,7f8992df0ff0,327449221
[21591.570925] Parse,12746,7f8992defff0,327449221
[21591.570965] Parse,12746,7f8992deeff0,327449221
[21591.571005] Parse,12746,7f8992dedff0,327449221
[21591.571046] Parse,12746,7f8992decff0,327449221
[21591.571086] Parse,12746,7f8992debff0,327449221
[21591.571126] Parse,12746,7f8992deaff0,327449221
[21591.571166] Parse,12746,7f8992de9ff0,327449221
[21591.571206] Parse,12746,7f8992de8ff0,327449221
[21591.571247] Parse,12746,7f8992de7ff0,327449221
[21591.571285] Parse,12746,7f8992de6ff0,327449221
[21591.571327] Parse,12746,7f8992de5ff0,327449221
[21591.571369] Parse,12746,7f8992de4ff0,327449221
[21591.571409] Parse,12746,7f8992de3ff0,327449221
[21591.571450] Parse,12746,7f8992de2ff0,327449221
[21591.571489] Parse,12746,7f8992de1ff0,327449221
[21591.571529] Parse,12746,7f8992de0ff0,327449221
[21591.571571] Parse,12746,7f8992ddfff0,327449221
[21591.571610] Parse,12746,7f8992ddeff0,327449221
[21591.571651] Parse,12746,7f8992dddff0,327449221
[21591.571693] Parse,12746,7f8992ddcff0,327449221
[21591.571733] Parse,12746,7f8992ddbff0,327449221
[21591.571772] Parse,12746,7f8992ddaff0,327449221
[21591.571811] Parse,12746,7f8992dd9ff0,327449221
[21591.571853] Parse,12746,7f8992dd8ff0,327449221
[21591.571893] Parse,12746,7f8992dd7ff0,327449221
[21591.571935] Parse,12746,7f8992dd6ff0,327449221
[21591.571974] Parse,12746,7f8992dd5ff0,327449221
[21591.572014] Parse,12746,7f8992dd4ff0,327449221
[21591.572054] Parse,12746,7f8992dd3ff0,327449221
[21591.572094] Parse,12746,7f8992dd2ff0,327449221
[21591.572136] Parse,12746,7f8992dd1ff0,327449221
[21591.572175] Parse,12746,7f8992dd0ff0,327449221
[21591.572216] Parse,12746,7f8992dcfff0,327449221
[21591.572256] Parse,12746,7f8992dceff0,327449221
[21591.572296] Parse,12746,7f8992dcdff0,327449221
[21591.572336] Parse,12746,7f8992dccff0,327449221
[21591.572377] Parse,12746,7f8992dcbff0,327449221
[21591.572416] Parse,12746,7f8992dcaff0,327449221
[21591.572457] Parse,12746,7f8992dc9ff0,327449221
[21591.572498] Parse,12746,7f8992dc8ff0,327449221
[21591.572539] Parse,12746,7f8992dc7ff0,327449221
[21591.572579] Parse,12746,7f8992dc6ff0,327449221
[21591.572618] Parse,12746,7f8992dc5ff0,327449221
[21591.572658] Parse,12746,7f8992dc4ff0,327449221
[21591.572698] Parse,12746,7f8992dc3ff0,327449221
[21591.572738] Parse,12746,7f8992dc2ff0,327449221
[21591.572778] Parse,12746,7f8992dc1ff0,327449221
[21591.572816] Parse,12746,7f8992dc0ff0,327449221
[21591.572855] Parse,12746,7f8992dbfff0,327449221
[21591.572895] Parse,12746,7f8992dbeff0,327449221
[21591.572938] Parse,12746,7f8992dbdff0,327449221
[21591.572978] Parse,12746,7f8992dbcff0,327449221
[21591.573018] Parse,12746,7f8992dbbff0,327449221
[21591.573059] Parse,12746,7f8992dbaff0,327449221
[21591.573098] Parse,12746,7f8992db9ff0,327449221
[21591.573139] Parse,12746,7f8992db8ff0,327449221
[21591.573179] Parse,12746,7f8992db7ff0,327449221
[21591.573218] Parse,12746,7f8992db6ff0,327449221
[21591.573258] Parse,12746,7f8992db5ff0,327449221
[21591.573697] Parse,12746,7f8992db4ff0,331449449
[21591.573745] Parse,12746,7f8992db3ff0,331449449
[21591.573784] Parse,12746,7f8992db2ff0,331449449
[21591.573826] Parse,12746,7f8992db1ff0,331449449
[21591.573867] Parse,12746,7f8992db0ff0,331449449
[21591.573907] Parse,12746,7f8992dafff0,331449449
[21591.573947] Parse,12746,7f8992daeff0,331449449
[21591.573986] Parse,12746,7f8992dadff0,331449449
[21591.574026] Parse,12746,7f8992dacff0,331449449
[21591.574067] Parse,12746,7f8992dabff0,331449449
[21591.574106] Parse,12746,7f8992daaff0,331449449
[21591.574146] Parse,12746,7f8992da9ff0,331449449
[21591.574185] Parse,12746,7f8992da8ff0,331449449
[21591.574228] Parse,12746,7f8992da7ff0,331449449
[21591.574267] Parse,12746,7f8992da6ff0,331449449
[21591.574307] Parse,12746,7f8992da5ff0,331449449
[21591.574347] Parse,12746,7f8992da4ff0,331449449
[21591.574387] Parse,12746,7f8992da3ff0,331449449
[21591.574427] Parse,12746,7f8992da2ff0,331449449
[21591.574467] Parse,12746,7f8992da1ff0,331449449
[21591.574507] Parse,12746,7f8992da0ff0,331449449
[21591.574547] Parse,12746,7f8992d9fff0,331449449
[21591.574586] Parse,12746,7f8992d9eff0,331449449
[21591.574625] Parse,12746,7f8992d9dff0,331449449
[21591.574666] Parse,12746,7f8992d9cff0,331449449
[21591.574707] Parse,12746,7f8992d9bff0,331449449
[21591.574758] Parse,12746,7f8992d9aff0,331449449
[21591.574801] Parse,12746,7f8992d99ff0,331449449
[21591.574841] Parse,12746,7f8992d98ff0,331449449
[21591.574881] Parse,12746,7f8992d97ff0,331449449
[21591.574921] Parse,12746,7f8992d96ff0,331449449
[21591.574961] Parse,12746,7f8992d95ff0,331449449
[21591.575001] Parse,12746,7f8992d94ff0,331449449
[21591.575040] Parse,12746,7f8992d93ff0,331449449
[21591.575080] Parse,12746,7f8992d92ff0,331449449
[21591.575121] Parse,12746,7f8992d91ff0,331449449
[21591.575160] Parse,12746,7f8992d90ff0,331449449
[21591.575199] Parse,12746,7f8992d8fff0,331449449
[21591.575239] Parse,12746,7f8992d8eff0,331449449
[21591.575279] Parse,12746,7f8992d8dff0,331449449
[21591.575319] Parse,12746,7f8992d8cff0,331449449
[21591.575361] Parse,12746,7f8992d8bff0,331449449
[21591.575402] Parse,12746,7f8992d8aff0,331449449
[21591.575442] Parse,12746,7f8992d89ff0,331449449
[21591.575484] Parse,12746,7f8992d88ff0,331449449
[21591.575524] Parse,12746,7f8992d87ff0,331449449
[21591.575562] Parse,12746,7f8992d86ff0,331449449
[21591.575602] Parse,12746,7f8992d85ff0,331449449
[21591.575642] Parse,12746,7f8992d84ff0,331449449
[21591.575683] Parse,12746,7f8992d83ff0,331449449
[21591.575723] Parse,12746,7f8992d82ff0,331449449
[21591.575763] Parse,12746,7f8992d81ff0,331449449
[21591.575803] Parse,12746,7f8992d80ff0,331449449
[21591.575842] Parse,12746,7f8992d7fff0,331449449
[21591.575881] Parse,12746,7f8992d7eff0,331449449
[21591.575921] Parse,12746,7f8992d7dff0,331449449
[21591.575961] Parse,12746,7f8992d7cff0,331449449
[21591.576001] Parse,12746,7f8992d7bff0,331449449
[21591.576041] Parse,12746,7f8992d7aff0,331449449
[21591.576081] Parse,12746,7f8992d79ff0,331449449
[21591.576121] Parse,12746,7f8992d78ff0,331449449
[21591.576161] Parse,12746,7f8992d77ff0,331449449
[21591.576202] Parse,12746,7f8992d76ff0,331449449
[21591.576241] Parse,12746,7f8992d75ff0,331449449
[21591.576280] Parse,12746,7f8992d74ff0,331449449
[21591.576321] Parse,12746,7f8992d73ff0,331449449
[21591.576362] Parse,12746,7f8992d72ff0,331449449
[21591.576403] Parse,12746,7f8992d71ff0,331449449
[21591.576442] Parse,12746,7f8992d70ff0,331449449
[21591.576484] Parse,12746,7f8992d6fff0,331449449
[21591.576524] Parse,12746,7f8992d6eff0,331449449
[21591.576564] Parse,12746,7f8992d6dff0,331449449
[21591.576604] Parse,12746,7f8992d6cff0,331449449
[21591.576644] Parse,12746,7f8992d6bff0,331449449
[21591.576686] Parse,12746,7f8992d6aff0,331449449
[21591.576728] Parse,12746,7f8992d69ff0,331449449
[21591.576768] Parse,12746,7f8992d68ff0,331449449
[21591.576808] Parse,12746,7f8992d67ff0,331449449
[21591.576847] Parse,12746,7f8992d66ff0,331449449
[21591.576887] Parse,12746,7f8992d65ff0,331449449
[21591.576927] Parse,12746,7f8992d64ff0,331449449
[21591.576966] Parse,12746,7f8992d63ff0,331449449
[21591.577007] Parse,12746,7f8992d62ff0,331449449
[21591.577047] Parse,12746,7f8992d61ff0,331449449
[21591.577087] Parse,12746,7f8992d60ff0,331449449
[21591.577126] Parse,12746,7f8992d5fff0,331449449
[21591.577166] Parse,12746,7f8992d5eff0,331449449
[21591.577207] Parse,12746,7f8992d5dff0,331449449
[21591.577247] Parse,12746,7f8992d5cff0,331449449
[21591.577673] Parse,12746,7f8992d5bff0,335449678
[21591.577716] Parse,12746,7f8992d5aff0,335449678
[21591.577764] Parse,12746,7f8992d59ff0,335449678
[21591.577804] Parse,12746,7f8992d58ff0,335449678
[21591.577844] Parse,12746,7f8992d57ff0,335449678
[21591.577885] Parse,12746,7f8992d56ff0,335449678
[21591.577924] Parse,12746,7f8992d55ff0,335449678
[21591.577965] Parse,12746,7f8992d54ff0,335449678
[21591.578008] Parse,12746,7f8992d53ff0,335449678
[21591.578048] Parse,12746,7f8992d52ff0,335449678
[21591.578088] Parse,12746,7f8992d51ff0,335449678
[21591.578128] Parse,12746,7f8992d50ff0,335449678
[21591.578169] Parse,12746,7f8992d4fff0,335449678
[21591.578211] Parse,12746,7f8992d4eff0,335449678
[21591.578251] Parse,12746,7f8992d4dff0,335449678
[21591.578292] Parse,12746,7f8992d4cff0,335449678
[21591.578332] Parse,12746,7f8992d4bff0,335449678
[21591.578372] Parse,12746,7f8992d4aff0,335449678
[21591.578412] Parse,12746,7f8992d49ff0,335449678
[21591.578453] Parse,12746,7f8992d48ff0,335449678
[21591.578494] Parse,12746,7f8992d47ff0,335449678
[21591.578534] Parse,12746,7f8992d46ff0,335449678
[21591.578574] Parse,12746,7f8992d45ff0,335449678
[21591.578614] Parse,12746,7f8992d44ff0,335449678
[21591.578654] Parse,12746,7f8992d43ff0,335449678
[21591.578694] Parse,12746,7f8992d42ff0,335449678
[21591.578735] Parse,12746,7f8992d41ff0,335449678
[21591.578775] Parse,12746,7f8992d40ff0,335449678
[21591.578816] Parse,12746,7f8992d3fff0,335449678
[21591.578856] Parse,12746,7f8992d3eff0,335449678
[21591.578896] Parse,12746,7f8992d3dff0,335449678
[21591.578937] Parse,12746,7f8992d3cff0,335449678
[21591.578977] Parse,12746,7f8992d3bff0,335449678
[21591.579018] Parse,12746,7f8992d3aff0,335449678
[21591.579058] Parse,12746,7f8992d39ff0,335449678
[21591.579098] Parse,12746,7f8992d38ff0,335449678
[21591.579137] Parse,12746,7f8992d37ff0,335449678
[21591.579177] Parse,12746,7f8992d36ff0,335449678
[21591.579217] Parse,12746,7f8992d35ff0,335449678
[21591.579258] Parse,12746,7f8992d34ff0,335449678
[21591.579297] Parse,12746,7f8992d33ff0,335449678
[21591.579339] Parse,12746,7f8992d32ff0,335449678
[21591.579379] Parse,12746,7f8992d31ff0,335449678
[21591.579419] Parse,12746,7f8992d30ff0,335449678
[21591.579458] Parse,12746,7f8992d2fff0,335449678
[21591.579499] Parse,12746,7f8992d2eff0,335449678
[21591.579538] Parse,12746,7f8992d2dff0,335449678
[21591.579578] Parse,12746,7f8992d2cff0,335449678
[21591.579618] Parse,12746,7f8992d2bff0,335449678
[21591.579660] Parse,12746,7f8992d2aff0,335449678
[21591.579700] Parse,12746,7f8992d29ff0,335449678
[21591.579740] Parse,12746,7f8992d28ff0,335449678
[21591.579779] Parse,12746,7f8992d27ff0,335449678
[21591.579819] Parse,12746,7f8992d26ff0,335449678
[21591.579859] Parse,12746,7f8992d25ff0,335449678
[21591.579901] Parse,12746,7f8992d24ff0,335449678
[21591.579941] Parse,12746,7f8992d23ff0,335449678
[21591.579981] Parse,12746,7f8992d22ff0,335449678
[21591.580022] Parse,12746,7f8992d21ff0,335449678
[21591.580063] Parse,12746,7f8992d20ff0,335449678
[21591.580103] Parse,12746,7f8992d1fff0,335449678
[21591.580143] Parse,12746,7f8992d1eff0,335449678
[21591.580182] Parse,12746,7f8992d1dff0,335449678
[21591.580222] Parse,12746,7f8992d1cff0,335449678
[21591.580262] Parse,12746,7f8992d1bff0,335449678
[21591.580302] Parse,12746,7f8992d1aff0,335449678
[21591.580342] Parse,12746,7f8992d19ff0,335449678
[21591.580382] Parse,12746,7f8992d18ff0,335449678
[21591.580423] Parse,12746,7f8992d17ff0,335449678
[21591.580463] Parse,12746,7f8992d16ff0,335449678
[21591.580504] Parse,12746,7f8992d15ff0,335449678
[21591.580545] Parse,12746,7f8992d14ff0,335449678
[21591.580585] Parse,12746,7f8992d13ff0,335449678
[21591.580626] Parse,12746,7f8992d12ff0,335449678
[21591.580666] Parse,12746,7f8992d11ff0,335449678
[21591.580705] Parse,12746,7f8992d10ff0,335449678
[21591.580752] Parse,12746,7f8992d0fff0,335449678
[21591.580793] Parse,12746,7f8992d0eff0,335449678
[21591.580833] Parse,12746,7f8992d0dff0,335449678
[21591.580874] Parse,12746,7f8992d0cff0,335449678
[21591.580915] Parse,12746,7f8992d0bff0,335449678
[21591.580955] Parse,12746,7f8992d0aff0,335449678
[21591.580995] Parse,12746,7f8992d09ff0,335449678
[21591.581036] Parse,12746,7f8992d08ff0,335449678
[21591.581076] Parse,12746,7f8992d07ff0,335449678
[21591.581117] Parse,12746,7f8992d06ff0,335449678
[21591.581157] Parse,12746,7f8992d05ff0,335449678
[21591.581197] Parse,12746,7f8992d04ff0,335449678
[21591.581236] Parse,12746,7f8992d03ff0,335449678
[21591.581663] Parse,12746,7f8992d02ff0,339449906
[21591.581705] Parse,12746,7f8992d01ff0,339449906
[21591.581745] Parse,12746,7f8992d00ff0,339449906
[21591.581787] Parse,12746,7f8992cffff0,339449906
[21591.581827] Parse,12746,7f8992cfeff0,339449906
[21591.581868] Parse,12746,7f8992cfdff0,339449906
[21591.581906] Parse,12746,7f8992cfcff0,339449906
[21591.581946] Parse,12746,7f8992cfbff0,339449906
[21591.581987] Parse,12746,7f8992cfaff0,339449906
[21591.582028] Parse,12746,7f8992cf9ff0,339449906
[21591.582068] Parse,12746,7f8992cf8ff0,339449906
[21591.582107] Parse,12746,7f8992cf7ff0,339449906
[21591.582147] Parse,12746,7f8992cf6ff0,339449906
[21591.582188] Parse,12746,7f8992cf5ff0,339449906
[21591.582228] Parse,12746,7f8992cf4ff0,339449906
[21591.582268] Parse,12746,7f8992cf3ff0,339449906
[21591.582308] Parse,12746,7f8992cf2ff0,339449906
[21591.582348] Parse,12746,7f8992cf1ff0,339449906
[21591.582388] Parse,12746,7f8992cf0ff0,339449906
[21591.582429] Parse,12746,7f8992cefff0,339449906
[21591.582469] Parse,12746,7f8992ceeff0,339449906
[21591.582509] Parse,12746,7f8992cedff0,339449906
[21591.582548] Parse,12746,7f8992cecff0,339449906
[21591.582588] Parse,12746,7f8992cebff0,339449906
[21591.582629] Parse,12746,7f8992ceaff0,339449906
[21591.582669] Parse,12746,7f8992ce9ff0,339449906
[21591.582710] Parse,12746,7f8992ce8ff0,339449906
[21591.582751] Parse,12746,7f8992ce7ff0,339449906
[21591.582790] Parse,12746,7f8992ce6ff0,339449906
[21591.582829] Parse,12746,7f8992ce5ff0,339449906
[21591.582870] Parse,12746,7f8992ce4ff0,339449906
[21591.582910] Parse,12746,7f8992ce3ff0,339449906
[21591.582949] Parse,12746,7f8992ce2ff0,339449906
[21591.582989] Parse,12746,7f8992ce1ff0,339449906
[21591.583032] Parse,12746,7f8992ce0ff0,339449906
[21591.583072] Parse,12746,7f8992cdfff0,339449906
[21591.583113] Parse,12746,7f8992cdeff0,339449906
[21591.583153] Parse,12746,7f8992cddff0,339449906
[21591.583193] Parse,12746,7f8992cdcff0,339449906
[21591.583233] Parse,12746,7f8992cdbff0,339449906
[21591.583274] Parse,12746,7f8992cdaff0,339449906
[21591.583316] Parse,12746,7f8992cd9ff0,339449906
[21591.583355] Parse,12746,7f8992cd8ff0,339449906
[21591.583394] Parse,12746,7f8992cd7ff0,339449906
[21591.583433] Parse,12746,7f8992cd6ff0,339449906
[21591.583473] Parse,12746,7f8992cd5ff0,339449906
[21591.583512] Parse,12746,7f8992cd4ff0,339449906
[21591.583551] Parse,12746,7f8992cd3ff0,339449906
[21591.583592] Parse,12746,7f8992cd2ff0,339449906
[21591.583632] Parse,12746,7f8992cd1ff0,339449906
[21591.583671] Parse,12746,7f8992cd0ff0,339449906
[21591.583711] Parse,12746,7f8992ccfff0,339449906
[21591.583759] Parse,12746,7f8992cceff0,339449906
[21591.583799] Parse,12746,7f8992ccdff0,339449906
[21591.583839] Parse,12746,7f8992cccff0,339449906
[21591.583879] Parse,12746,7f8992ccbff0,339449906
[21591.583920] Parse,12746,7f8992ccaff0,339449906
[21591.583959] Parse,12746,7f8992cc9ff0,339449906
[21591.584020] Parse,12746,7f8992cc8ff0,339449906
[21591.584064] Parse,12746,7f8992cc7ff0,339449906
[21591.584109] Parse,12746,7f8992cc6ff0,339449906
[21591.584153] Parse,12746,7f8992cc5ff0,339449906
[21591.584198] Parse,12746,7f8992cc4ff0,339449906
[21591.584243] Parse,12746,7f8992cc3ff0,339449906
[21591.584289] Parse,12746,7f8992cc2ff0,339449906
[21591.584335] Parse,12746,7f8992cc1ff0,339449906
[21591.584379] Parse,12746,7f8992cc0ff0,339449906
[21591.584424] Parse,12746,7f8992cbfff0,339449906
[21591.584469] Parse,12746,7f8992cbeff0,339449906
[21591.584515] Parse,12746,7f8992cbdff0,339449906
[21591.584560] Parse,12746,7f8992cbcff0,339449906
[21591.584604] Parse,12746,7f8992cbbff0,339449906
[21591.584648] Parse,12746,7f8992cbaff0,339449906
[21591.584694] Parse,12746,7f8992cb9ff0,339449906
[21591.584744] Parse,12746,7f8992cb8ff0,339449906
[21591.584790] Parse,12746,7f8992cb7ff0,339449906
[21591.584834] Parse,12746,7f8992cb6ff0,339449906
[21591.584878] Parse,12746,7f8992cb5ff0,339449906
[21591.584927] Parse,12746,7f8992cb4ff0,339449906
[21591.584972] Parse,12746,7f8992cb3ff0,339449906
[21591.585017] Parse,12746,7f8992cb2ff0,339449906
[21591.585061] Parse,12746,7f8992cb1ff0,339449906
[21591.585106] Parse,12746,7f8992cb0ff0,339449906
[21591.585151] Parse,12746,7f8992cafff0,339449906
[21591.585197] Parse,12746,7f8992caeff0,339449906
[21591.585241] Parse,12746,7f8992cadff0,339449906
[21591.585714] Parse,12746,7f8992cacff0,343450135
[21591.585764] Parse,12746,7f8992cabff0,343450135
[21591.585812] Parse,12746,7f8992caaff0,343450135
[21591.585856] Parse,12746,7f8992ca9ff0,343450135
[21591.585900] Parse,12746,7f8992ca8ff0,343450135
[21591.585945] Parse,12746,7f8992ca7ff0,343450135
[21591.585988] Parse,12746,7f8992ca6ff0,343450135
[21591.586032] Parse,12746,7f8992ca5ff0,343450135
[21591.586077] Parse,12746,7f8992ca4ff0,343450135
[21591.586121] Parse,12746,7f8992ca3ff0,343450135
[21591.586166] Parse,12746,7f8992ca2ff0,343450135
[21591.586211] Parse,12746,7f8992ca1ff0,343450135
[21591.586256] Parse,12746,7f8992ca0ff0,343450135
[21591.586300] Parse,12746,7f8992c9fff0,343450135
[21591.586344] Parse,12746,7f8992c9eff0,343450135
[21591.586389] Parse,12746,7f8992c9dff0,343450135
[21591.586434] Parse,12746,7f8992c9cff0,343450135
[21591.586478] Parse,12746,7f8992c9bff0,343450135
[21591.586521] Parse,12746,7f8992c9aff0,343450135
[21591.586566] Parse,12746,7f8992c99ff0,343450135
[21591.586610] Parse,12746,7f8992c98ff0,343450135
[21591.586656] Parse,12746,7f8992c97ff0,343450135
[21591.586701] Parse,12746,7f8992c96ff0,343450135
[21591.586745] Parse,12746,7f8992c95ff0,343450135
[21591.586792] Parse,12746,7f8992c94ff0,343450135
[21591.586835] Parse,12746,7f8992c93ff0,343450135
[21591.586880] Parse,12746,7f8992c92ff0,343450135
[21591.586924] Parse,12746,7f8992c91ff0,343450135
[21591.586969] Parse,12746,7f8992c90ff0,343450135
[21591.587014] Parse,12746,7f8992c8fff0,343450135
[21591.587059] Parse,12746,7f8992c8eff0,343450135
[21591.587104] Parse,12746,7f8992c8dff0,343450135
[21591.587149] Parse,12746,7f8992c8cff0,343450135
[21591.587194] Parse,12746,7f8992c8bff0,343450135
[21591.587239] Parse,12746,7f8992c8aff0,343450135
[21591.587283] Parse,12746,7f8992c89ff0,343450135
[21591.587326] Parse,12746,7f8992c88ff0,343450135
[21591.587371] Parse,12746,7f8992c87ff0,343450135
[21591.587415] Parse,12746,7f8992c86ff0,343450135
[21591.587459] Parse,12746,7f8992c85ff0,343450135
[21591.587505] Parse,12746,7f8992c84ff0,343450135
[21591.587549] Parse,12746,7f8992c83ff0,343450135
[21591.587593] Parse,12746,7f8992c82ff0,343450135
[21591.587638] Parse,12746,7f8992c81ff0,343450135
[21591.587684] Parse,12746,7f8992c80ff0,343450135
[21591.587727] Parse,12746,7f8992c7fff0,343450135
[21591.587772] Parse,12746,7f8992c7eff0,343450135
[21591.587819] Parse,12746,7f8992c7dff0,343450135
[21591.587864] Parse,12746,7f8992c7cff0,343450135
[21591.587908] Parse,12746,7f8992c7bff0,343450135
[21591.587952] Parse,12746,7f8992c7aff0,343450135
[21591.587998] Parse,12746,7f8992c79ff0,343450135
[21591.588042] Parse,12746,7f8992c78ff0,343450135
[21591.588086] Parse,12746,7f8992c77ff0,343450135
[21591.588130] Parse,12746,7f8992c76ff0,343450135
[21591.588174] Parse,12746,7f8992c75ff0,343450135
[21591.588217] Parse,12746,7f8992c74ff0,343450135
[21591.588261] Parse,12746,7f8992c73ff0,343450135
[21591.588306] Parse,12746,7f8992c72ff0,343450135
[21591.588351] Parse,12746,7f8992c71ff0,343450135
[21591.588395] Parse,12746,7f8992c70ff0,343450135
[21591.588440] Parse,12746,7f8992c6fff0,343450135
[21591.588485] Parse,12746,7f8992c6eff0,343450135
[21591.588531] Parse,12746,7f8992c6dff0,343450135
[21591.588574] Parse,12746,7f8992c6cff0,343450135
[21591.588618] Parse,12746,7f8992c6bff0,343450135
[21591.588662] Parse,12746,7f8992c6aff0,343450135
[21591.588707] Parse,12746,7f8992c69ff0,343450135
[21591.588752] Parse,12746,7f8992c68ff0,343450135
[21591.588796] Parse,12746,7f8992c67ff0,343450135
[21591.588840] Parse,12746,7f8992c66ff0,343450135
[21591.588885] Parse,12746,7f8992c65ff0,343450135
[21591.588930] Parse,12746,7f8992c64ff0,343450135
[21591.588976] Parse,12746,7f8992c63ff0,343450135
[21591.589021] Parse,12746,7f8992c62ff0,343450135
[21591.589065] Parse,12746,7f8992c61ff0,343450135
[21591.589109] Parse,12746,7f8992c60ff0,343450135
[21591.589154] Parse,12746,7f8992c5fff0,343450135
[21591.589197] Parse,12746,7f8992c5eff0,343450135
[21591.589242] Parse,12746,7f8992c5dff0,343450135
[21591.589690] Parse,12746,7f8992c5cff0,347450363
[21591.589739] Parse,12746,7f8992c5bff0,347450363
[21591.589784] Parse,12746,7f8992c5aff0,347450363
[21591.589829] Parse,12746,7f8992c59ff0,347450363
[21591.589873] Parse,12746,7f8992c58ff0,347450363
[21591.589919] Parse,12746,7f8992c57ff0,347450363
[21591.589964] Parse,12746,7f8992c56ff0,347450363
[21591.590008] Parse,12746,7f8992c55ff0,347450363
[21591.590052] Parse,12746,7f8992c54ff0,347450363
[21591.590096] Parse,12746,7f8992c53ff0,347450363
[21591.590140] Parse,12746,7f8992c52ff0,347450363
[21591.590184] Parse,12746,7f8992c51ff0,347450363
[21591.590230] Parse,12746,7f8992c50ff0,347450363
[21591.590276] Parse,12746,7f8992c4fff0,347450363
[21591.590321] Parse,12746,7f8992c4eff0,347450363
[21591.590364] Parse,12746,7f8992c4dff0,347450363
[21591.590408] Parse,12746,7f8992c4cff0,347450363
[21591.590453] Parse,12746,7f8992c4bff0,347450363
[21591.590499] Parse,12746,7f8992c4aff0,347450363
[21591.590542] Parse,12746,7f8992c49ff0,347450363
[21591.590587] Parse,12746,7f8992c48ff0,347450363
[21591.590633] Parse,12746,7f8992c47ff0,347450363
[21591.590677] Parse,12746,7f8992c46ff0,347450363
[21591.590721] Parse,12746,7f8992c45ff0,347450363
[21591.590765] Parse,12746,7f8992c44ff0,347450363
[21591.590812] Parse,12746,7f8992c43ff0,347450363
[21591.590857] Parse,12746,7f8992c42ff0,347450363
[21591.590901] Parse,12746,7f8992c41ff0,347450363
[21591.590943] Parse,12746,7f8992c40ff0,347450363
[21591.590988] Parse,12746,7f8992c3fff0,347450363
[21591.591033] Parse,12746,7f8992c3eff0,347450363
[21591.591078] Parse,12746,7f8992c3dff0,347450363
[21591.591123] Parse,12746,7f8992c3cff0,347450363
[21591.591169] Parse,12746,7f8992c3bff0,347450363
[21591.591213] Parse,12746,7f8992c3aff0,347450363
[21591.591258] Parse,12746,7f8992c39ff0,347450363
[21591.591302] Parse,12746,7f8992c38ff0,347450363
[21591.591349] Parse,12746,7f8992c37ff0,347450363
[21591.591395] Parse,12746,7f8992c36ff0,347450363
[21591.591440] Parse,12746,7f8992c35ff0,347450363
[21591.591485] Parse,12746,7f8992c34ff0,347450363
[21591.591530] Parse,12746,7f8992c33ff0,347450363
[21591.591576] Parse,12746,7f8992c32ff0,347450363
[21591.591620] Parse,12746,7f8992c31ff0,347450363
[21591.591665] Parse,12746,7f8992c30ff0,347450363
[21591.591710] Parse,12746,7f8992c2fff0,347450363
[21591.591754] Parse,12746,7f8992c2eff0,347450363
[21591.591799] Parse,12746,7f8992c2dff0,347450363
[21591.591843] Parse,12746,7f8992c2cff0,347450363
[21591.591888] Parse,12746,7f8992c2bff0,347450363
[21591.591932] Parse,12746,7f8992c2aff0,347450363
[21591.591976] Parse,12746,7f8992c29ff0,347450363
[21591.592020] Parse,12746,7f8992c28ff0,347450363
[21591.592065] Parse,12746,7f8992c27ff0,347450363
[21591.592109] Parse,12746,7f8992c26ff0,347450363
[21591.592153] Parse,12746,7f8992c25ff0,347450363
[21591.592198] Parse,12746,7f8992c24ff0,347450363
[21591.592242] Parse,12746,7f8992c23ff0,347450363
[21591.592287] Parse,12746,7f8992c22ff0,347450363
[21591.592331] Parse,12746,7f8992c21ff0,347450363
[21591.592376] Parse,12746,7f8992c20ff0,347450363
[21591.592421] Parse,12746,7f8992c1fff0,347450363
[21591.592466] Parse,12746,7f8992c1eff0,347450363
[21591.592512] Parse,12746,7f8992c1dff0,347450363
[21591.592557] Parse,12746,7f8992c1cff0,347450363
[21591.592602] Parse,12746,7f8992c1bff0,347450363
[21591.592647] Parse,12746,7f8992c1aff0,347450363
[21591.592691] Parse,12746,7f8992c19ff0,347450363
[21591.592740] Parse,12746,7f8992c18ff0,347450363
[21591.592785] Parse,12746,7f8992c17ff0,347450363
[21591.592829] Parse,12746,7f8992c16ff0,347450363
[21591.592874] Parse,12746,7f8992c15ff0,347450363
[21591.592919] Parse,12746,7f8992c14ff0,347450363
[21591.592962] Parse,12746,7f8992c13ff0,347450363
[21591.593007] Parse,12746,7f8992c12ff0,347450363
[21591.593050] Parse,12746,7f8992c11ff0,347450363
[21591.593094] Parse,12746,7f8992c10ff0,347450363
[21591.593140] Parse,12746,7f8992c0fff0,347450363
[21591.593185] Parse,12746,7f8992c0eff0,347450363
[21591.593230] Parse,12746,7f8992c0dff0,347450363
[21591.593671] Parse,12746,7f8992c0cff0,351450592
[21591.593719] Parse,12746,7f8992c0bff0,351450592
[21591.593763] Parse,12746,7f8992c0aff0,351450592
[21591.593809] Parse,12746,7f8992c09ff0,351450592
[21591.593853] Parse,12746,7f8992c08ff0,351450592
[21591.593896] Parse,12746,7f8992c07ff0,351450592
[21591.593940] Parse,12746,7f8992c06ff0,351450592
[21591.593986] Parse,12746,7f8992c05ff0,351450592
[21591.594032] Parse,12746,7f8992c04ff0,351450592
[21591.594078] Parse,12746,7f8992c03ff0,351450592
[21591.594122] Parse,12746,7f8992c02ff0,351450592
[21591.594169] Parse,12746,7f8992c01ff0,351450592
[21591.594213] Parse,12746,7f8992c00ff0,351450592
[21591.594258] Parse,12746,7f8992bffff0,351450592
[21591.594304] Parse,12746,7f8992bfeff0,351450592
[21591.594349] Parse,12746,7f8992bfdff0,351450592
[21591.594395] Parse,12746,7f8992bfcff0,351450592
[21591.594439] Parse,12746,7f8992bfbff0,351450592
[21591.594485] Parse,12746,7f8992bfaff0,351450592
[21591.594530] Parse,12746,7f8992bf9ff0,351450592
[21591.594573] Parse,12746,7f8992bf8ff0,351450592
[21591.594619] Parse,12746,7f8992bf7ff0,351450592
[21591.594665] Parse,12746,7f8992bf6ff0,351450592
[21591.594709] Parse,12746,7f8992bf5ff0,351450592
[21591.594761] Parse,12746,7f8992bf4ff0,351450592
[21591.594806] Parse,12746,7f8992bf3ff0,351450592
[21591.594851] Parse,12746,7f8992bf2ff0,351450592
[21591.594896] Parse,12746,7f8992bf1ff0,351450592
[21591.594942] Parse,12746,7f8992bf0ff0,351450592
[21591.594987] Parse,12746,7f8992befff0,351450592
[21591.595032] Parse,12746,7f8992beeff0,351450592
[21591.595076] Parse,12746,7f8992bedff0,351450592
[21591.595121] Parse,12746,7f8992becff0,351450592
[21591.595166] Parse,12746,7f8992bebff0,351450592
[21591.595210] Parse,12746,7f8992beaff0,351450592
[21591.595254] Parse,12746,7f8992be9ff0,351450592
[21591.595300] Parse,12746,7f8992be8ff0,351450592
[21591.595346] Parse,12746,7f8992be7ff0,351450592
[21591.595391] Parse,12746,7f8992be6ff0,351450592
[21591.595436] Parse,12746,7f8992be5ff0,351450592
[21591.595481] Parse,12746,7f8992be4ff0,351450592
[21591.595527] Parse,12746,7f8992be3ff0,351450592
[21591.595572] Parse,12746,7f8992be2ff0,351450592
[21591.595618] Parse,12746,7f8992be1ff0,351450592
[21591.595663] Parse,12746,7f8992be0ff0,351450592
[21591.595708] Parse,12746,7f8992bdfff0,351450592
[21591.595754] Parse,12746,7f8992bdeff0,351450592
[21591.595800] Parse,12746,7f8992bddff0,351450592
[21591.595845] Parse,12746,7f8992bdcff0,351450592
[21591.595891] Parse,12746,7f8992bdbff0,351450592
[21591.595937] Parse,12746,7f8992bdaff0,351450592
[21591.595982] Parse,12746,7f8992bd9ff0,351450592
[21591.596026] Parse,12746,7f8992bd8ff0,351450592
[21591.596072] Parse,12746,7f8992bd7ff0,351450592
[21591.596115] Parse,12746,7f8992bd6ff0,351450592
[21591.596160] Parse,12746,7f8992bd5ff0,351450592
[21591.596205] Parse,12746,7f8992bd4ff0,351450592
[21591.596250] Parse,12746,7f8992bd3ff0,351450592
[21591.596294] Parse,12746,7f8992bd2ff0,351450592
[21591.596339] Parse,12746,7f8992bd1ff0,351450592
[21591.596384] Parse,12746,7f8992bd0ff0,351450592
[21591.596428] Parse,12746,7f8992bcfff0,351450592
[21591.596473] Parse,12746,7f8992bceff0,351450592
[21591.596518] Parse,12746,7f8992bcdff0,351450592
[21591.596564] Parse,12746,7f8992bccff0,351450592
[21591.596609] Parse,12746,7f8992bcbff0,351450592
[21591.596654] Parse,12746,7f8992bcaff0,351450592
[21591.596698] Parse,12746,7f8992bc9ff0,351450592
[21591.596743] Parse,12746,7f8992bc8ff0,351450592
[21591.596789] Parse,12746,7f8992bc7ff0,351450592
[21591.596835] Parse,12746,7f8992bc6ff0,351450592
[21591.596879] Parse,12746,7f8992bc5ff0,351450592
[21591.596924] Parse,12746,7f8992bc4ff0,351450592
[21591.596970] Parse,12746,7f8992bc3ff0,351450592
[21591.597015] Parse,12746,7f8992bc2ff0,351450592
[21591.597060] Parse,12746,7f8992bc1ff0,351450592
[21591.597104] Parse,12746,7f8992bc0ff0,351450592
[21591.597149] Parse,12746,7f8992bbfff0,351450592
[21591.597196] Parse,12746,7f8992bbeff0,351450592
[21591.597241] Parse,12746,7f8992bbdff0,351450592
[21591.597686] Parse,12746,7f8992bbcff0,355450820
[21591.597734] Parse,12746,7f8992bbbff0,355450820
[21591.597782] Parse,12746,7f8992bbaff0,355450820
[21591.597826] Parse,12746,7f8992bb9ff0,355450820
[21591.597872] Parse,12746,7f8992bb8ff0,355450820
[21591.597916] Parse,12746,7f8992bb7ff0,355450820
[21591.597961] Parse,12746,7f8992bb6ff0,355450820
[21591.598006] Parse,12746,7f8992bb5ff0,355450820
[21591.598051] Parse,12746,7f8992bb4ff0,355450820
[21591.598095] Parse,12746,7f8992bb3ff0,355450820
[21591.598140] Parse,12746,7f8992bb2ff0,355450820
[21591.598185] Parse,12746,7f8992bb1ff0,355450820
[21591.598229] Parse,12746,7f8992bb0ff0,355450820
[21591.598274] Parse,12746,7f8992bafff0,355450820
[21591.598319] Parse,12746,7f8992baeff0,355450820
[21591.598364] Parse,12746,7f8992badff0,355450820
[21591.598410] Parse,12746,7f8992bacff0,355450820
[21591.598455] Parse,12746,7f8992babff0,355450820
[21591.598500] Parse,12746,7f8992baaff0,355450820
[21591.598545] Parse,12746,7f8992ba9ff0,355450820
[21591.598590] Parse,12746,7f8992ba8ff0,355450820
[21591.598635] Parse,12746,7f8992ba7ff0,355450820
[21591.598679] Parse,12746,7f8992ba6ff0,355450820
[21591.598724] Parse,12746,7f8992ba5ff0,355450820
[21591.598769] Parse,12746,7f8992ba4ff0,355450820
[21591.598814] Parse,12746,7f8992ba3ff0,355450820
[21591.598858] Parse,12746,7f8992ba2ff0,355450820
[21591.598904] Parse,12746,7f8992ba1ff0,355450820
[21591.598949] Parse,12746,7f8992ba0ff0,355450820
[21591.598993] Parse,12746,7f8992b9fff0,355450820
[21591.599037] Parse,12746,7f8992b9eff0,355450820
[21591.599082] Parse,12746,7f8992b9dff0,355450820
[21591.599128] Parse,12746,7f8992b9cff0,355450820
[21591.599172] Parse,12746,7f8992b9bff0,355450820
[21591.599217] Parse,12746,7f8992b9aff0,355450820
[21591.599262] Parse,12746,7f8992b99ff0,355450820
[21591.599307] Parse,12746,7f8992b98ff0,355450820
[21591.599351] Parse,12746,7f8992b97ff0,355450820
[21591.599395] Parse,12746,7f8992b96ff0,355450820
[21591.599440] Parse,12746,7f8992b95ff0,355450820
[21591.599485] Parse,12746,7f8992b94ff0,355450820
[21591.599528] Parse,12746,7f8992b93ff0,355450820
[21591.599679] Parse,12746,7f8992b92ff0,355450820
[21591.599720] Parse,12746,7f8992b91ff0,355450820
[21591.599760] Parse,12746,7f8992b90ff0,355450820
[21591.599801] Parse,12746,7f8992b8fff0,355450820
[21591.599842] Parse,12746,7f8992b8eff0,355450820
[21591.599884] Parse,12746,7f8992b8dff0,355450820
[21591.599924] Parse,12746,7f8992b8cff0,355450820
[21591.599964] Parse,12746,7f8992b8bff0,355450820
[21591.600003] Parse,12746,7f8992b8aff0,355450820
[21591.600044] Parse,12746,7f8992b89ff0,355450820
[21591.600084] Parse,12746,7f8992b88ff0,355450820
[21591.600125] Parse,12746,7f8992b87ff0,355450820
[21591.600165] Parse,12746,7f8992b86ff0,355450820
[21591.600205] Parse,12746,7f8992b85ff0,355450820
[21591.600245] Parse,12746,7f8992b84ff0,355450820
[21591.600285] Parse,12746,7f8992b83ff0,355450820
[21591.600324] Parse,12746,7f8992b82ff0,355450820
[21591.600363] Parse,12746,7f8992b81ff0,355450820
[21591.600404] Parse,12746,7f8992b80ff0,355450820
[21591.600443] Parse,12746,7f8992b7fff0,355450820
[21591.600483] Parse,12746,7f8992b7eff0,355450820
[21591.600523] Parse,12746,7f8992b7dff0,355450820
[21591.600562] Parse,12746,7f8992b7cff0,355450820
[21591.600603] Parse,12746,7f8992b7bff0,355450820
[21591.600643] Parse,12746,7f8992b7aff0,355450820
[21591.600683] Parse,12746,7f8992b79ff0,355450820
[21591.600723] Parse,12746,7f8992b78ff0,355450820
[21591.600763] Parse,12746,7f8992b77ff0,355450820
[21591.600804] Parse,12746,7f8992b76ff0,355450820
[21591.600844] Parse,12746,7f8992b75ff0,355450820
[21591.600883] Parse,12746,7f8992b74ff0,355450820
[21591.600922] Parse,12746,7f8992b73ff0,355450820
[21591.600962] Parse,12746,7f8992b72ff0,355450820
[21591.601001] Parse,12746,7f8992b71ff0,355450820
[21591.601040] Parse,12746,7f8992b70ff0,355450820
[21591.601079] Parse,12746,7f8992b6fff0,355450820
[21591.601120] Parse,12746,7f8992b6eff0,355450820
[21591.601160] Parse,12746,7f8992b6dff0,355450820
[21591.601200] Parse,12746,7f8992b6cff0,355450820
[21591.601240] Parse,12746,7f8992b6bff0,355450820
[21591.601666] Parse,12746,7f8992b6aff0,359451049
[21591.601707] Parse,12746,7f8992b69ff0,359451049
[21591.601756] Parse,12746,7f8992b68ff0,359451049
[21591.601796] Parse,12746,7f8992b67ff0,359451049
[21591.601836] Parse,12746,7f8992b66ff0,359451049
[21591.601877] Parse,12746,7f8992b65ff0,359451049
[21591.601917] Parse,12746,7f8992b64ff0,359451049
[21591.601957] Parse,12746,7f8992b63ff0,359451049
[21591.601995] Parse,12746,7f8992b62ff0,359451049
[21591.602034] Parse,12746,7f8992b61ff0,359451049
[21591.602074] Parse,12746,7f8992b60ff0,359451049
[21591.602114] Parse,12746,7f8992b5fff0,359451049
[21591.602155] Parse,12746,7f8992b5eff0,359451049
[21591.602196] Parse,12746,7f8992b5dff0,359451049
[21591.602236] Parse,12746,7f8992b5cff0,359451049
[21591.602277] Parse,12746,7f8992b5bff0,359451049
[21591.602317] Parse,12746,7f8992b5aff0,359451049
[21591.602359] Parse,12746,7f8992b59ff0,359451049
[21591.602400] Parse,12746,7f8992b58ff0,359451049
[21591.602441] Parse,12746,7f8992b57ff0,359451049
[21591.602482] Parse,12746,7f8992b56ff0,359451049
[21591.602521] Parse,12746,7f8992b55ff0,359451049
[21591.602561] Parse,12746,7f8992b54ff0,359451049
[21591.602601] Parse,12746,7f8992b53ff0,359451049
[21591.602641] Parse,12746,7f8992b52ff0,359451049
[21591.602679] Parse,12746,7f8992b51ff0,359451049
[21591.602722] Parse,12746,7f8992b50ff0,359451049
[21591.602762] Parse,12746,7f8992b4fff0,359451049
[21591.602825] Parse,12746,7f8992b4eff0,359451049
[21591.602867] Parse,12746,7f8992b4dff0,359451049
[21591.602907] Parse,12746,7f8992b4cff0,359451049
[21591.602949] Parse,12746,7f8992b4bff0,359451049
[21591.602988] Parse,12746,7f8992b4aff0,359451049
[21591.603028] Parse,12746,7f8992b49ff0,359451049
[21591.603069] Parse,12746,7f8992b48ff0,359451049
[21591.603109] Parse,12746,7f8992b47ff0,359451049
[21591.603150] Parse,12746,7f8992b46ff0,359451049
[21591.603192] Parse,12746,7f8992b45ff0,359451049
[21591.603233] Parse,12746,7f8992b44ff0,359451049
[21591.603274] Parse,12746,7f8992b43ff0,359451049
[21591.603315] Parse,12746,7f8992b42ff0,359451049
[21591.603356] Parse,12746,7f8992b41ff0,359451049
[21591.603396] Parse,12746,7f8992b40ff0,359451049
[21591.603436] Parse,12746,7f8992b3fff0,359451049
[21591.603476] Parse,12746,7f8992b3eff0,359451049
[21591.603515] Parse,12746,7f8992b3dff0,359451049
[21591.603555] Parse,12746,7f8992b3cff0,359451049
[21591.603594] Parse,12746,7f8992b3bff0,359451049
[21591.603636] Parse,12746,7f8992b3aff0,359451049
[21591.603676] Parse,12746,7f8992b39ff0,359451049
[21591.603717] Parse,12746,7f8992b38ff0,359451049
[21591.603758] Parse,12746,7f8992b37ff0,359451049
[21591.603796] Parse,12746,7f8992b36ff0,359451049
[21591.603837] Parse,12746,7f8992b35ff0,359451049
[21591.603878] Parse,12746,7f8992b34ff0,359451049
[21591.603917] Parse,12746,7f8992b33ff0,359451049
[21591.603956] Parse,12746,7f8992b32ff0,359451049
[21591.603996] Parse,12746,7f8992b31ff0,359451049
[21591.604036] Parse,12746,7f8992b30ff0,359451049
[21591.604076] Parse,12746,7f8992b2fff0,359451049
[21591.604115] Parse,12746,7f8992b2eff0,359451049
[21591.604156] Parse,12746,7f8992b2dff0,359451049
[21591.604197] Parse,12746,7f8992b2cff0,359451049
[21591.604236] Parse,12746,7f8992b2bff0,359451049
[21591.604276] Parse,12746,7f8992b2aff0,359451049
[21591.604315] Parse,12746,7f8992b29ff0,359451049
[21591.604355] Parse,12746,7f8992b28ff0,359451049
[21591.604394] Parse,12746,7f8992b27ff0,359451049
[21591.604434] Parse,12746,7f8992b26ff0,359451049
[21591.604474] Parse,12746,7f8992b25ff0,359451049
[21591.604514] Parse,12746,7f8992b24ff0,359451049
[21591.604553] Parse,12746,7f8992b23ff0,359451049
[21591.604594] Parse,12746,7f8992b22ff0,359451049
[21591.604634] Parse,12746,7f8992b21ff0,359451049
[21591.604672] Parse,12746,7f8992b20ff0,359451049
[21591.604712] Parse,12746,7f8992b1fff0,359451049
[21591.604761] Parse,12746,7f8992b1eff0,359451049
[21591.604802] Parse,12746,7f8992b1dff0,359451049
[21591.604841] Parse,12746,7f8992b1cff0,359451049
[21591.604880] Parse,12746,7f8992b1bff0,359451049
[21591.604921] Parse,12746,7f8992b1aff0,359451049
[21591.604962] Parse,12746,7f8992b19ff0,359451049
[21591.605004] Parse,12746,7f8992b18ff0,359451049
[21591.605044] Parse,12746,7f8992b17ff0,359451049
[21591.605084] Parse,12746,7f8992b16ff0,359451049
[21591.605125] Parse,12746,7f8992b15ff0,359451049
[21591.605167] Parse,12746,7f8992b14ff0,359451049
[21591.605206] Parse,12746,7f8992b13ff0,359451049
[21591.605245] Parse,12746,7f8992b12ff0,359451049
[21591.605686] Parse,12746,7f8992b11ff0,363451277
[21591.605727] Parse,12746,7f8992b10ff0,363451277
[21591.605768] Parse,12746,7f8992b0fff0,363451277
[21591.605806] Parse,12746,7f8992b0eff0,363451277
[21591.605846] Parse,12746,7f8992b0dff0,363451277
[21591.605887] Parse,12746,7f8992b0cff0,363451277
[21591.605927] Parse,12746,7f8992b0bff0,363451277
[21591.605968] Parse,12746,7f8992b0aff0,363451277
[21591.606007] Parse,12746,7f8992b09ff0,363451277
[21591.606046] Parse,12746,7f8992b08ff0,363451277
[21591.606085] Parse,12746,7f8992b07ff0,363451277
[21591.606126] Parse,12746,7f8992b06ff0,363451277
[21591.606166] Parse,12746,7f8992b05ff0,363451277
[21591.606207] Parse,12746,7f8992b04ff0,363451277
[21591.606247] Parse,12746,7f8992b03ff0,363451277
[21591.606286] Parse,12746,7f8992b02ff0,363451277
[21591.606326] Parse,12746,7f8992b01ff0,363451277
[21591.606366] Parse,12746,7f8992b00ff0,363451277
[21591.606406] Parse,12746,7f8992affff0,363451277
[21591.606445] Parse,12746,7f8992afeff0,363451277
[21591.606483] Parse,12746,7f8992afdff0,363451277
[21591.606523] Parse,12746,7f8992afcff0,363451277
[21591.606563] Parse,12746,7f8992afbff0,363451277
[21591.606602] Parse,12746,7f8992afaff0,363451277
[21591.606642] Parse,12746,7f8992af9ff0,363451277
[21591.606683] Parse,12746,7f8992af8ff0,363451277
[21591.606722] Parse,12746,7f8992af7ff0,363451277
[21591.606762] Parse,12746,7f8992af6ff0,363451277
[21591.606802] Parse,12746,7f8992af5ff0,363451277
[21591.606842] Parse,12746,7f8992af4ff0,363451277
[21591.606881] Parse,12746,7f8992af3ff0,363451277
[21591.606921] Parse,12746,7f8992af2ff0,363451277
[21591.606960] Parse,12746,7f8992af1ff0,363451277
[21591.607000] Parse,12746,7f8992af0ff0,363451277
[21591.607040] Parse,12746,7f8992aefff0,363451277
[21591.607081] Parse,12746,7f8992aeeff0,363451277
[21591.607120] Parse,12746,7f8992aedff0,363451277
[21591.607159] Parse,12746,7f8992aecff0,363451277
[21591.607199] Parse,12746,7f8992aebff0,363451277
[21591.607240] Parse,12746,7f8992aeaff0,363451277
[21591.607280] Parse,12746,7f8992ae9ff0,363451277
[21591.607320] Parse,12746,7f8992ae8ff0,363451277
[21591.607360] Parse,12746,7f8992ae7ff0,363451277
[21591.607400] Parse,12746,7f8992ae6ff0,363451277
[21591.607440] Parse,12746,7f8992ae5ff0,363451277
[21591.607480] Parse,12746,7f8992ae4ff0,363451277
[21591.607522] Parse,12746,7f8992ae3ff0,363451277
[21591.607561] Parse,12746,7f8992ae2ff0,363451277
[21591.607600] Parse,12746,7f8992ae1ff0,363451277
[21591.607639] Parse,12746,7f8992ae0ff0,363451277
[21591.607680] Parse,12746,7f8992adfff0,363451277
[21591.607720] Parse,12746,7f8992adeff0,363451277
[21591.607769] Parse,12746,7f8992addff0,363451277
[21591.607810] Parse,12746,7f8992adcff0,363451277
[21591.607849] Parse,12746,7f8992adbff0,363451277
[21591.607889] Parse,12746,7f8992adaff0,363451277
[21591.607929] Parse,12746,7f8992ad9ff0,363451277
[21591.607969] Parse,12746,7f8992ad8ff0,363451277
[21591.608009] Parse,12746,7f8992ad7ff0,363451277
[21591.608049] Parse,12746,7f8992ad6ff0,363451277
[21591.608090] Parse,12746,7f8992ad5ff0,363451277
[21591.608130] Parse,12746,7f8992ad4ff0,363451277
[21591.608170] Parse,12746,7f8992ad3ff0,363451277
[21591.608210] Parse,12746,7f8992ad2ff0,363451277
[21591.608248] Parse,12746,7f8992ad1ff0,363451277
[21591.608288] Parse,12746,7f8992ad0ff0,363451277
[21591.608328] Parse,12746,7f8992acfff0,363451277
[21591.608370] Parse,12746,7f8992aceff0,363451277
[21591.608410] Parse,12746,7f8992acdff0,363451277
[21591.608449] Parse,12746,7f8992accff0,363451277
[21591.608488] Parse,12746,7f8992acbff0,363451277
[21591.608528] Parse,12746,7f8992acaff0,363451277
[21591.608568] Parse,12746,7f8992ac9ff0,363451277
[21591.608608] Parse,12746,7f8992ac8ff0,363451277
[21591.608648] Parse,12746,7f8992ac7ff0,363451277
[21591.608689] Parse,12746,7f8992ac6ff0,363451277
[21591.608729] Parse,12746,7f8992ac5ff0,363451277
[21591.608768] Parse,12746,7f8992ac4ff0,363451277
[21591.608808] Parse,12746,7f8992ac3ff0,363451277
[21591.608849] Parse,12746,7f8992ac2ff0,363451277
[21591.608887] Parse,12746,7f8992ac1ff0,363451277
[21591.608929] Parse,12746,7f8992ac0ff0,363451277
[21591.608970] Parse,12746,7f8992abfff0,363451277
[21591.609009] Parse,12746,7f8992abeff0,363451277
[21591.609049] Parse,12746,7f8992abdff0,363451277
[21591.609089] Parse,12746,7f8992abcff0,363451277
[21591.609130] Parse,12746,7f8992abbff0,363451277
[21591.609169] Parse,12746,7f8992abaff0,363451277
[21591.609209] Parse,12746,7f8992ab9ff0,363451277
[21591.609249] Parse,12746,7f8992ab8ff0,363451277
[21591.609685] Parse,12746,7f8992ab7ff0,367451505
[21591.609728] Parse,12746,7f8992ab6ff0,367451505
[21591.609768] Parse,12746,7f8992ab5ff0,367451505
[21591.609807] Parse,12746,7f8992ab4ff0,367451505
[21591.609847] Parse,12746,7f8992ab3ff0,367451505
[21591.609887] Parse,12746,7f8992ab2ff0,367451505
[21591.609927] Parse,12746,7f8992ab1ff0,367451505
[21591.609967] Parse,12746,7f8992ab0ff0,367451505
[21591.610007] Parse,12746,7f8992aafff0,367451505
[21591.610046] Parse,12746,7f8992aaeff0,367451505
[21591.610087] Parse,12746,7f8992aadff0,367451505
[21591.610128] Parse,12746,7f8992aacff0,367451505
[21591.610168] Parse,12746,7f8992aabff0,367451505
[21591.610207] Parse,12746,7f8992aaaff0,367451505
[21591.610247] Parse,12746,7f8992aa9ff0,367451505
[21591.610287] Parse,12746,7f8992aa8ff0,367451505
[21591.610327] Parse,12746,7f8992aa7ff0,367451505
[21591.610368] Parse,12746,7f8992aa6ff0,367451505
[21591.610409] Parse,12746,7f8992aa5ff0,367451505
[21591.610448] Parse,12746,7f8992aa4ff0,367451505
[21591.610488] Parse,12746,7f8992aa3ff0,367451505
[21591.610528] Parse,12746,7f8992aa2ff0,367451505
[21591.610568] Parse,12746,7f8992aa1ff0,367451505
[21591.610607] Parse,12746,7f8992aa0ff0,367451505
[21591.610649] Parse,12746,7f8992a9fff0,367451505
[21591.610690] Parse,12746,7f8992a9eff0,367451505
[21591.610730] Parse,12746,7f8992a9dff0,367451505
[21591.610779] Parse,12746,7f8992a9cff0,367451505
[21591.610818] Parse,12746,7f8992a9bff0,367451505
[21591.610858] Parse,12746,7f8992a9aff0,367451505
[21591.610899] Parse,12746,7f8992a99ff0,367451505
[21591.610941] Parse,12746,7f8992a98ff0,367451505
[21591.610982] Parse,12746,7f8992a97ff0,367451505
[21591.611022] Parse,12746,7f8992a96ff0,367451505
[21591.611062] Parse,12746,7f8992a95ff0,367451505
[21591.611101] Parse,12746,7f8992a94ff0,367451505
[21591.611141] Parse,12746,7f8992a93ff0,367451505
[21591.611180] Parse,12746,7f8992a92ff0,367451505
[21591.611224] Parse,12746,7f8992a91ff0,367451505
[21591.611264] Parse,12746,7f8992a90ff0,367451505
[21591.611305] Parse,12746,7f8992a8fff0,367451505
[21591.611345] Parse,12746,7f8992a8eff0,367451505
[21591.611385] Parse,12746,7f8992a8dff0,367451505
[21591.611425] Parse,12746,7f8992a8cff0,367451505
[21591.611465] Parse,12746,7f8992a8bff0,367451505
[21591.611505] Parse,12746,7f8992a8aff0,367451505
[21591.611546] Parse,12746,7f8992a89ff0,367451505
[21591.611586] Parse,12746,7f8992a88ff0,367451505
[21591.611627] Parse,12746,7f8992a87ff0,367451505
[21591.611667] Parse,12746,7f8992a86ff0,367451505
[21591.611707] Parse,12746,7f8992a85ff0,367451505
[21591.611748] Parse,12746,7f8992a84ff0,367451505
[21591.611789] Parse,12746,7f8992a83ff0,367451505
[21591.611828] Parse,12746,7f8992a82ff0,367451505
[21591.611870] Parse,12746,7f8992a81ff0,367451505
[21591.611909] Parse,12746,7f8992a80ff0,367451505
[21591.611948] Parse,12746,7f8992a7fff0,367451505
[21591.611988] Parse,12746,7f8992a7eff0,367451505
[21591.612028] Parse,12746,7f8992a7dff0,367451505
[21591.612067] Parse,12746,7f8992a7cff0,367451505
[21591.612108] Parse,12746,7f8992a7bff0,367451505
[21591.612148] Parse,12746,7f8992a7aff0,367451505
[21591.612188] Parse,12746,7f8992a79ff0,367451505
[21591.612227] Parse,12746,7f8992a78ff0,367451505
[21591.612268] Parse,12746,7f8992a77ff0,367451505
[21591.612307] Parse,12746,7f8992a76ff0,367451505
[21591.612349] Parse,12746,7f8992a75ff0,367451505
[21591.612389] Parse,12746,7f8992a74ff0,367451505
[21591.612430] Parse,12746,7f8992a73ff0,367451505
[21591.612470] Parse,12746,7f8992a72ff0,367451505
[21591.612511] Parse,12746,7f8992a71ff0,367451505
[21591.612550] Parse,12746,7f8992a70ff0,367451505
[21591.612591] Parse,12746,7f8992a6fff0,367451505
[21591.612630] Parse,12746,7f8992a6eff0,367451505
[21591.612669] Parse,12746,7f8992a6dff0,367451505
[21591.612709] Parse,12746,7f8992a6cff0,367451505
[21591.612749] Parse,12746,7f8992a6bff0,367451505
[21591.612789] Parse,12746,7f8992a6aff0,367451505
[21591.612829] Parse,12746,7f8992a69ff0,367451505
[21591.612868] Parse,12746,7f8992a68ff0,367451505
[21591.612909] Parse,12746,7f8992a67ff0,367451505
[21591.612947] Parse,12746,7f8992a66ff0,367451505
[21591.612989] Parse,12746,7f8992a65ff0,367451505
[21591.613028] Parse,12746,7f8992a64ff0,367451505
[21591.613068] Parse,12746,7f8992a63ff0,367451505
[21591.613108] Parse,12746,7f8992a62ff0,367451505
[21591.613148] Parse,12746,7f8992a61ff0,367451505
[21591.613188] Parse,12746,7f8992a60ff0,367451505
[21591.613228] Parse,12746,7f8992a5fff0,367451505
[21591.613659] Parse,12746,7f8992a5eff0,371451733
[21591.613701] Parse,12746,7f8992a5dff0,371451733
[21591.613749] Parse,12746,7f8992a5cff0,371451733
[21591.613789] Parse,12746,7f8992a5bff0,371451733
[21591.613830] Parse,12746,7f8992a5aff0,371451733
[21591.613870] Parse,12746,7f8992a59ff0,371451733
[21591.613910] Parse,12746,7f8992a58ff0,371451733
[21591.613950] Parse,12746,7f8992a57ff0,371451733
[21591.613991] Parse,12746,7f8992a56ff0,371451733
[21591.614031] Parse,12746,7f8992a55ff0,371451733
[21591.614072] Parse,12746,7f8992a54ff0,371451733
[21591.614113] Parse,12746,7f8992a53ff0,371451733
[21591.614151] Parse,12746,7f8992a52ff0,371451733
[21591.614192] Parse,12746,7f8992a51ff0,371451733
[21591.614232] Parse,12746,7f8992a50ff0,371451733
[21591.614271] Parse,12746,7f8992a4fff0,371451733
[21591.614311] Parse,12746,7f8992a4eff0,371451733
[21591.614350] Parse,12746,7f8992a4dff0,371451733
[21591.614390] Parse,12746,7f8992a4cff0,371451733
[21591.614431] Parse,12746,7f8992a4bff0,371451733
[21591.614471] Parse,12746,7f8992a4aff0,371451733
[21591.614512] Parse,12746,7f8992a49ff0,371451733
[21591.614553] Parse,12746,7f8992a48ff0,371451733
[21591.614594] Parse,12746,7f8992a47ff0,371451733
[21591.614635] Parse,12746,7f8992a46ff0,371451733
[21591.614675] Parse,12746,7f8992a45ff0,371451733
[21591.614716] Parse,12746,7f8992a44ff0,371451733
[21591.614766] Parse,12746,7f8992a43ff0,371451733
[21591.614806] Parse,12746,7f8992a42ff0,371451733
[21591.614845] Parse,12746,7f8992a41ff0,371451733
[21591.614885] Parse,12746,7f8992a40ff0,371451733
[21591.614925] Parse,12746,7f8992a3fff0,371451733
[21591.614967] Parse,12746,7f8992a3eff0,371451733
[21591.615009] Parse,12746,7f8992a3dff0,371451733
[21591.615050] Parse,12746,7f8992a3cff0,371451733
[21591.615089] Parse,12746,7f8992a3bff0,371451733
[21591.615129] Parse,12746,7f8992a3aff0,371451733
[21591.615170] Parse,12746,7f8992a39ff0,371451733
[21591.615211] Parse,12746,7f8992a38ff0,371451733
[21591.615250] Parse,12746,7f8992a37ff0,371451733
[21591.615290] Parse,12746,7f8992a36ff0,371451733
[21591.615329] Parse,12746,7f8992a35ff0,371451733
[21591.615370] Parse,12746,7f8992a34ff0,371451733
[21591.615410] Parse,12746,7f8992a33ff0,371451733
[21591.615450] Parse,12746,7f8992a32ff0,371451733
[21591.615490] Parse,12746,7f8992a31ff0,371451733
[21591.615529] Parse,12746,7f8992a30ff0,371451733
[21591.615569] Parse,12746,7f8992a2fff0,371451733
[21591.615608] Parse,12746,7f8992a2eff0,371451733
[21591.615649] Parse,12746,7f8992a2dff0,371451733
[21591.615689] Parse,12746,7f8992a2cff0,371451733
[21591.615729] Parse,12746,7f8992a2bff0,371451733
[21591.615771] Parse,12746,7f8992a2aff0,371451733
[21591.615810] Parse,12746,7f8992a29ff0,371451733
[21591.615851] Parse,12746,7f8992a28ff0,371451733
[21591.615891] Parse,12746,7f8992a27ff0,371451733
[21591.615930] Parse,12746,7f8992a26ff0,371451733
[21591.615971] Parse,12746,7f8992a25ff0,371451733
[21591.616011] Parse,12746,7f8992a24ff0,371451733
[21591.616050] Parse,12746,7f8992a23ff0,371451733
[21591.616090] Parse,12746,7f8992a22ff0,371451733
[21591.616130] Parse,12746,7f8992a21ff0,371451733
[21591.616170] Parse,12746,7f8992a20ff0,371451733
[21591.616210] Parse,12746,7f8992a1fff0,371451733
[21591.616251] Parse,12746,7f8992a1eff0,371451733
[21591.616292] Parse,12746,7f8992a1dff0,371451733
[21591.616334] Parse,12746,7f8992a1cff0,371451733
[21591.616373] Parse,12746,7f8992a1bff0,371451733
[21591.616413] Parse,12746,7f8992a1aff0,371451733
[21591.616452] Parse,12746,7f8992a19ff0,371451733
[21591.616491] Parse,12746,7f8992a18ff0,371451733
[21591.616532] Parse,12746,7f8992a17ff0,371451733
[21591.616573] Parse,12746,7f8992a16ff0,371451733
[21591.616613] Parse,12746,7f8992a15ff0,371451733
[21591.616654] Parse,12746,7f8992a14ff0,371451733
[21591.616694] Parse,12746,7f8992a13ff0,371451733
[21591.616735] Parse,12746,7f8992a12ff0,371451733
[21591.616774] Parse,12746,7f8992a11ff0,371451733
[21591.616814] Parse,12746,7f8992a10ff0,371451733
[21591.616852] Parse,12746,7f8992a0fff0,371451733
[21591.616893] Parse,12746,7f8992a0eff0,371451733
[21591.616933] Parse,12746,7f8992a0dff0,371451733
[21591.616973] Parse,12746,7f8992a0cff0,371451733
[21591.617012] Parse,12746,7f8992a0bff0,371451733
[21591.617051] Parse,12746,7f8992a0aff0,371451733
[21591.617090] Parse,12746,7f8992a09ff0,371451733
[21591.617131] Parse,12746,7f8992a08ff0,371451733
[21591.617170] Parse,12746,7f8992a07ff0,371451733
[21591.617211] Parse,12746,7f8992a06ff0,371451733
[21591.617250] Parse,12746,7f8992a05ff0,371451733
[21591.617681] Parse,12746,7f8992a04ff0,375451962
[21591.617725] Parse,12746,7f8992a03ff0,375451962
[21591.617774] Parse,12746,7f8992a02ff0,375451962
[21591.617814] Parse,12746,7f8992a01ff0,375451962
[21591.617854] Parse,12746,7f8992a00ff0,375451962
[21591.617894] Parse,12746,7f89929ffff0,375451962
[21591.617936] Parse,12746,7f89929feff0,375451962
[21591.617975] Parse,12746,7f89929fdff0,375451962
[21591.618014] Parse,12746,7f89929fcff0,375451962
[21591.618056] Parse,12746,7f89929fbff0,375451962
[21591.618097] Parse,12746,7f89929faff0,375451962
[21591.618136] Parse,12746,7f89929f9ff0,375451962
[21591.618176] Parse,12746,7f89929f8ff0,375451962
[21591.618216] Parse,12746,7f89929f7ff0,375451962
[21591.618256] Parse,12746,7f89929f6ff0,375451962
[21591.618295] Parse,12746,7f89929f5ff0,375451962
[21591.618336] Parse,12746,7f89929f4ff0,375451962
[21591.618375] Parse,12746,7f89929f3ff0,375451962
[21591.618416] Parse,12746,7f89929f2ff0,375451962
[21591.618456] Parse,12746,7f89929f1ff0,375451962
[21591.618496] Parse,12746,7f89929f0ff0,375451962
[21591.618534] Parse,12746,7f89929efff0,375451962
[21591.618575] Parse,12746,7f89929eeff0,375451962
[21591.618616] Parse,12746,7f89929edff0,375451962
[21591.618656] Parse,12746,7f89929ecff0,375451962
[21591.618696] Parse,12746,7f89929ebff0,375451962
[21591.618737] Parse,12746,7f89929eaff0,375451962
[21591.618781] Parse,12746,7f89929e9ff0,375451962
[21591.618820] Parse,12746,7f89929e8ff0,375451962
[21591.618860] Parse,12746,7f89929e7ff0,375451962
[21591.618899] Parse,12746,7f89929e6ff0,375451962
[21591.618940] Parse,12746,7f89929e5ff0,375451962
[21591.618980] Parse,12746,7f89929e4ff0,375451962
[21591.619021] Parse,12746,7f89929e3ff0,375451962
[21591.619060] Parse,12746,7f89929e2ff0,375451962
[21591.619098] Parse,12746,7f89929e1ff0,375451962
[21591.619138] Parse,12746,7f89929e0ff0,375451962
[21591.619179] Parse,12746,7f89929dfff0,375451962
[21591.619217] Parse,12746,7f89929deff0,375451962
[21591.619257] Parse,12746,7f89929ddff0,375451962
[21591.619297] Parse,12746,7f89929dcff0,375451962
[21591.619337] Parse,12746,7f89929dbff0,375451962
[21591.619376] Parse,12746,7f89929daff0,375451962
[21591.619415] Parse,12746,7f89929d9ff0,375451962
[21591.619455] Parse,12746,7f89929d8ff0,375451962
[21591.619495] Parse,12746,7f89929d7ff0,375451962
[21591.619535] Parse,12746,7f89929d6ff0,375451962
[21591.619575] Parse,12746,7f89929d5ff0,375451962
[21591.619615] Parse,12746,7f89929d4ff0,375451962
[21591.619655] Parse,12746,7f89929d3ff0,375451962
[21591.619694] Parse,12746,7f89929d2ff0,375451962
[21591.619735] Parse,12746,7f89929d1ff0,375451962
[21591.619800] Parse,12746,7f89929d0ff0,375451962
[21591.619840] Parse,12746,7f89929cfff0,375451962
[21591.619880] Parse,12746,7f89929ceff0,375451962
[21591.619920] Parse,12746,7f89929cdff0,375451962
[21591.619960] Parse,12746,7f89929ccff0,375451962
[21591.620001] Parse,12746,7f89929cbff0,375451962
[21591.620042] Parse,12746,7f89929caff0,375451962
[21591.620081] Parse,12746,7f89929c9ff0,375451962
[21591.620121] Parse,12746,7f89929c8ff0,375451962
[21591.620161] Parse,12746,7f89929c7ff0,375451962
[21591.620200] Parse,12746,7f89929c6ff0,375451962
[21591.620239] Parse,12746,7f89929c5ff0,375451962
[21591.620279] Parse,12746,7f89929c4ff0,375451962
[21591.620321] Parse,12746,7f89929c3ff0,375451962
[21591.620359] Parse,12746,7f89929c2ff0,375451962
[21591.620399] Parse,12746,7f89929c1ff0,375451962
[21591.620438] Parse,12746,7f89929c0ff0,375451962
[21591.620477] Parse,12746,7f89929bfff0,375451962
[21591.620517] Parse,12746,7f89929beff0,375451962
[21591.620556] Parse,12746,7f89929bdff0,375451962
[21591.620596] Parse,12746,7f89929bcff0,375451962
[21591.620637] Parse,12746,7f89929bbff0,375451962
[21591.620677] Parse,12746,7f89929baff0,375451962
[21591.620716] Parse,12746,7f89929b9ff0,375451962
[21591.620756] Parse,12746,7f89929b8ff0,375451962
[21591.620796] Parse,12746,7f89929b7ff0,375451962
[21591.620836] Parse,12746,7f89929b6ff0,375451962
[21591.620876] Parse,12746,7f89929b5ff0,375451962
[21591.620916] Parse,12746,7f89929b4ff0,375451962
[21591.620956] Parse,12746,7f89929b3ff0,375451962
[21591.620996] Parse,12746,7f89929b2ff0,375451962
[21591.621036] Parse,12746,7f89929b1ff0,375451962
[21591.621075] Parse,12746,7f89929b0ff0,375451962
[21591.621116] Parse,12746,7f89929afff0,375451962
[21591.621156] Parse,12746,7f89929aeff0,375451962
[21591.621196] Parse,12746,7f89929adff0,375451962
[21591.621236] Parse,12746,7f89929acff0,375451962
[21591.621668] Parse,12746,7f89929abff0,379452190
[21591.621711] Parse,12746,7f89929aaff0,379452190
[21591.621752] Parse,12746,7f89929a9ff0,379452190
[21591.621790] Parse,12746,7f89929a8ff0,379452190
[21591.621831] Parse,12746,7f89929a7ff0,379452190
[21591.621871] Parse,12746,7f89929a6ff0,379452190
[21591.621911] Parse,12746,7f89929a5ff0,379452190
[21591.621950] Parse,12746,7f89929a4ff0,379452190
[21591.621990] Parse,12746,7f89929a3ff0,379452190
[21591.622031] Parse,12746,7f89929a2ff0,379452190
[21591.622071] Parse,12746,7f89929a1ff0,379452190
[21591.622110] Parse,12746,7f89929a0ff0,379452190
[21591.622151] Parse,12746,7f899299fff0,379452190
[21591.622191] Parse,12746,7f899299eff0,379452190
[21591.622231] Parse,12746,7f899299dff0,379452190
[21591.622270] Parse,12746,7f899299cff0,379452190
[21591.622311] Parse,12746,7f899299bff0,379452190
[21591.622350] Parse,12746,7f899299aff0,379452190
[21591.622391] Parse,12746,7f8992999ff0,379452190
[21591.622431] Parse,12746,7f8992998ff0,379452190
[21591.622471] Parse,12746,7f8992997ff0,379452190
[21591.622511] Parse,12746,7f8992996ff0,379452190
[21591.622551] Parse,12746,7f8992995ff0,379452190
[21591.622591] Parse,12746,7f8992994ff0,379452190
[21591.622631] Parse,12746,7f8992993ff0,379452190
[21591.622671] Parse,12746,7f8992992ff0,379452190
[21591.622711] Parse,12746,7f8992991ff0,379452190
[21591.622759] Parse,12746,7f8992990ff0,379452190
[21591.622799] Parse,12746,7f899298fff0,379452190
[21591.622838] Parse,12746,7f899298eff0,379452190
[21591.622878] Parse,12746,7f899298dff0,379452190
[21591.622918] Parse,12746,7f899298cff0,379452190
[21591.622957] Parse,12746,7f899298bff0,379452190
[21591.622999] Parse,12746,7f899298aff0,379452190
[21591.623039] Parse,12746,7f8992989ff0,379452190
[21591.623079] Parse,12746,7f8992988ff0,379452190
[21591.623118] Parse,12746,7f8992987ff0,379452190
[21591.623160] Parse,12746,7f8992986ff0,379452190
[21591.623199] Parse,12746,7f8992985ff0,379452190
[21591.623239] Parse,12746,7f8992984ff0,379452190
[21591.623279] Parse,12746,7f8992983ff0,379452190
[21591.623318] Parse,12746,7f8992982ff0,379452190
[21591.623358] Parse,12746,7f8992981ff0,379452190
[21591.623397] Parse,12746,7f8992980ff0,379452190
[21591.623437] Parse,12746,7f899297fff0,379452190
[21591.623477] Parse,12746,7f899297eff0,379452190
[21591.623516] Parse,12746,7f899297dff0,379452190
[21591.623556] Parse,12746,7f899297cff0,379452190
[21591.623596] Parse,12746,7f899297bff0,379452190
[21591.623636] Parse,12746,7f899297aff0,379452190
[21591.623677] Parse,12746,7f8992979ff0,379452190
[21591.623719] Parse,12746,7f8992978ff0,379452190
[21591.623759] Parse,12746,7f8992977ff0,379452190
[21591.623799] Parse,12746,7f8992976ff0,379452190
[21591.623839] Parse,12746,7f8992975ff0,379452190
[21591.623878] Parse,12746,7f8992974ff0,379452190
[21591.623919] Parse,12746,7f8992973ff0,379452190
[21591.623958] Parse,12746,7f8992972ff0,379452190
[21591.623999] Parse,12746,7f8992971ff0,379452190
[21591.624038] Parse,12746,7f8992970ff0,379452190
[21591.624078] Parse,12746,7f899296fff0,379452190
[21591.624117] Parse,12746,7f899296eff0,379452190
[21591.624157] Parse,12746,7f899296dff0,379452190
[21591.624196] Parse,12746,7f899296cff0,379452190
[21591.624235] Parse,12746,7f899296bff0,379452190
[21591.624277] Parse,12746,7f899296aff0,379452190
[21591.624316] Parse,12746,7f8992969ff0,379452190
[21591.624355] Parse,12746,7f8992968ff0,379452190
[21591.624396] Parse,12746,7f8992967ff0,379452190
[21591.624435] Parse,12746,7f8992966ff0,379452190
[21591.624474] Parse,12746,7f8992965ff0,379452190
[21591.624513] Parse,12746,7f8992964ff0,379452190
[21591.624553] Parse,12746,7f8992963ff0,379452190
[21591.624593] Parse,12746,7f8992962ff0,379452190
[21591.624633] Parse,12746,7f8992961ff0,379452190
[21591.624673] Parse,12746,7f8992960ff0,379452190
[21591.624713] Parse,12746,7f899295fff0,379452190
[21591.624760] Parse,12746,7f899295eff0,379452190
[21591.624800] Parse,12746,7f899295dff0,379452190
[21591.624841] Parse,12746,7f899295cff0,379452190
[21591.624881] Parse,12746,7f899295bff0,379452190
[21591.624920] Parse,12746,7f899295aff0,379452190
[21591.624961] Parse,12746,7f8992959ff0,379452190
[21591.625000] Parse,12746,7f8992958ff0,379452190
[21591.625041] Parse,12746,7f8992957ff0,379452190
[21591.625080] Parse,12746,7f8992956ff0,379452190
[21591.625120] Parse,12746,7f8992955ff0,379452190
[21591.625159] Parse,12746,7f8992954ff0,379452190
[21591.625199] Parse,12746,7f8992953ff0,379452190
[21591.625238] Parse,12746,7f8992952ff0,379452190
[21591.625677] Parse,12746,7f8992951ff0,383452419
[21591.625719] Parse,12746,7f8992950ff0,383452419
[21591.625759] Parse,12746,7f899294fff0,383452419
[21591.625798] Parse,12746,7f899294eff0,383452419
[21591.625838] Parse,12746,7f899294dff0,383452419
[21591.625878] Parse,12746,7f899294cff0,383452419
[21591.625918] Parse,12746,7f899294bff0,383452419
[21591.625957] Parse,12746,7f899294aff0,383452419
[21591.625998] Parse,12746,7f8992949ff0,383452419
[21591.626039] Parse,12746,7f8992948ff0,383452419
[21591.626078] Parse,12746,7f8992947ff0,383452419
[21591.626117] Parse,12746,7f8992946ff0,383452419
[21591.626157] Parse,12746,7f8992945ff0,383452419
[21591.626196] Parse,12746,7f8992944ff0,383452419
[21591.626236] Parse,12746,7f8992943ff0,383452419
[21591.626277] Parse,12746,7f8992942ff0,383452419
[21591.626317] Parse,12746,7f8992941ff0,383452419
[21591.626357] Parse,12746,7f8992940ff0,383452419
[21591.626398] Parse,12746,7f899293fff0,383452419
[21591.626438] Parse,12746,7f899293eff0,383452419
[21591.626479] Parse,12746,7f899293dff0,383452419
[21591.626519] Parse,12746,7f899293cff0,383452419
[21591.626561] Parse,12746,7f899293bff0,383452419
[21591.626602] Parse,12746,7f899293aff0,383452419
[21591.626642] Parse,12746,7f8992939ff0,383452419
[21591.626682] Parse,12746,7f8992938ff0,383452419
[21591.626721] Parse,12746,7f8992937ff0,383452419
[21591.626760] Parse,12746,7f8992936ff0,383452419
[21591.626800] Parse,12746,7f8992935ff0,383452419
[21591.626840] Parse,12746,7f8992934ff0,383452419
[21591.626880] Parse,12746,7f8992933ff0,383452419
[21591.626920] Parse,12746,7f8992932ff0,383452419
[21591.626960] Parse,12746,7f8992931ff0,383452419
[21591.627000] Parse,12746,7f8992930ff0,383452419
[21591.627039] Parse,12746,7f899292fff0,383452419
[21591.627079] Parse,12746,7f899292eff0,383452419
[21591.627121] Parse,12746,7f899292dff0,383452419
[21591.627161] Parse,12746,7f899292cff0,383452419
[21591.627201] Parse,12746,7f899292bff0,383452419
[21591.627242] Parse,12746,7f899292aff0,383452419
[21591.627282] Parse,12746,7f8992929ff0,383452419
[21591.627322] Parse,12746,7f8992928ff0,383452419
[21591.627363] Parse,12746,7f8992927ff0,383452419
[21591.627402] Parse,12746,7f8992926ff0,383452419
[21591.627442] Parse,12746,7f8992925ff0,383452419
[21591.627481] Parse,12746,7f8992924ff0,383452419
[21591.627520] Parse,12746,7f8992923ff0,383452419
[21591.627562] Parse,12746,7f8992922ff0,383452419
[21591.627602] Parse,12746,7f8992921ff0,383452419
[21591.627642] Parse,12746,7f8992920ff0,383452419
[21591.627685] Parse,12746,7f899291fff0,383452419
[21591.627724] Parse,12746,7f899291eff0,383452419
[21591.627772] Parse,12746,7f899291dff0,383452419
[21591.627812] Parse,12746,7f899291cff0,383452419
[21591.627852] Parse,12746,7f899291bff0,383452419
[21591.627891] Parse,12746,7f899291aff0,383452419
[21591.627932] Parse,12746,7f8992919ff0,383452419
[21591.627973] Parse,12746,7f8992918ff0,383452419
[21591.628012] Parse,12746,7f8992917ff0,383452419
[21591.628051] Parse,12746,7f8992916ff0,383452419
[21591.628091] Parse,12746,7f8992915ff0,383452419
[21591.628132] Parse,12746,7f8992914ff0,383452419
[21591.628172] Parse,12746,7f8992913ff0,383452419
[21591.628212] Parse,12746,7f8992912ff0,383452419
[21591.628253] Parse,12746,7f8992911ff0,383452419
[21591.628292] Parse,12746,7f8992910ff0,383452419
[21591.628332] Parse,12746,7f899290fff0,383452419
[21591.628372] Parse,12746,7f899290eff0,383452419
[21591.628411] Parse,12746,7f899290dff0,383452419
[21591.628450] Parse,12746,7f899290cff0,383452419
[21591.628489] Parse,12746,7f899290bff0,383452419
[21591.628529] Parse,12746,7f899290aff0,383452419
[21591.628569] Parse,12746,7f8992909ff0,383452419
[21591.628608] Parse,12746,7f8992908ff0,383452419
[21591.628647] Parse,12746,7f8992907ff0,383452419
[21591.628686] Parse,12746,7f8992906ff0,383452419
[21591.628726] Parse,12746,7f8992905ff0,383452419
[21591.628767] Parse,12746,7f8992904ff0,383452419
[21591.628809] Parse,12746,7f8992903ff0,383452419
[21591.628849] Parse,12746,7f8992902ff0,383452419
[21591.628889] Parse,12746,7f8992901ff0,383452419
[21591.628929] Parse,12746,7f8992900ff0,383452419
[21591.628969] Parse,12746,7f89928ffff0,383452419
[21591.629009] Parse,12746,7f89928feff0,383452419
[21591.629050] Parse,12746,7f89928fdff0,383452419
[21591.629091] Parse,12746,7f89928fcff0,383452419
[21591.629131] Parse,12746,7f89928fbff0,383452419
[21591.629171] Parse,12746,7f89928faff0,383452419
[21591.629212] Parse,12746,7f89928f9ff0,383452419
[21591.629253] Parse,12746,7f89928f8ff0,383452419
[21591.629685] Parse,12746,7f89928f7ff0,387452647
[21591.629727] Parse,12746,7f89928f6ff0,387452647
[21591.629767] Parse,12746,7f89928f5ff0,387452647
[21591.629807] Parse,12746,7f89928f4ff0,387452647
[21591.629846] Parse,12746,7f89928f3ff0,387452647
[21591.629886] Parse,12746,7f89928f2ff0,387452647
[21591.629927] Parse,12746,7f89928f1ff0,387452647
[21591.629968] Parse,12746,7f89928f0ff0,387452647
[21591.630008] Parse,12746,7f89928efff0,387452647
[21591.630047] Parse,12746,7f89928eeff0,387452647
[21591.630089] Parse,12746,7f89928edff0,387452647
[21591.630128] Parse,12746,7f89928ecff0,387452647
[21591.630167] Parse,12746,7f89928ebff0,387452647
[21591.630208] Parse,12746,7f89928eaff0,387452647
[21591.630248] Parse,12746,7f89928e9ff0,387452647
[21591.630287] Parse,12746,7f89928e8ff0,387452647
[21591.630326] Parse,12746,7f89928e7ff0,387452647
[21591.630366] Parse,12746,7f89928e6ff0,387452647
[21591.630405] Parse,12746,7f89928e5ff0,387452647
[21591.630445] Parse,12746,7f89928e4ff0,387452647
[21591.630484] Parse,12746,7f89928e3ff0,387452647
[21591.630525] Parse,12746,7f89928e2ff0,387452647
[21591.630567] Parse,12746,7f89928e1ff0,387452647
[21591.630606] Parse,12746,7f89928e0ff0,387452647
[21591.630646] Parse,12746,7f89928dfff0,387452647
[21591.630686] Parse,12746,7f89928deff0,387452647
[21591.630725] Parse,12746,7f89928ddff0,387452647
[21591.630772] Parse,12746,7f89928dcff0,387452647
[21591.630814] Parse,12746,7f89928dbff0,387452647
[21591.630854] Parse,12746,7f89928daff0,387452647
[21591.630894] Parse,12746,7f89928d9ff0,387452647
[21591.630935] Parse,12746,7f89928d8ff0,387452647
[21591.630975] Parse,12746,7f89928d7ff0,387452647
[21591.631014] Parse,12746,7f89928d6ff0,387452647
[21591.631053] Parse,12746,7f89928d5ff0,387452647
[21591.631094] Parse,12746,7f89928d4ff0,387452647
[21591.631134] Parse,12746,7f89928d3ff0,387452647
[21591.631173] Parse,12746,7f89928d2ff0,387452647
[21591.631213] Parse,12746,7f89928d1ff0,387452647
[21591.631253] Parse,12746,7f89928d0ff0,387452647
[21591.631292] Parse,12746,7f89928cfff0,387452647
[21591.631333] Parse,12746,7f89928ceff0,387452647
[21591.631372] Parse,12746,7f89928cdff0,387452647
[21591.631412] Parse,12746,7f89928ccff0,387452647
[21591.631452] Parse,12746,7f89928cbff0,387452647
[21591.631492] Parse,12746,7f89928caff0,387452647
[21591.631531] Parse,12746,7f89928c9ff0,387452647
[21591.631571] Parse,12746,7f89928c8ff0,387452647
[21591.631611] Parse,12746,7f89928c7ff0,387452647
[21591.631652] Parse,12746,7f89928c6ff0,387452647
[21591.631692] Parse,12746,7f89928c5ff0,387452647
[21591.631731] Parse,12746,7f89928c4ff0,387452647
[21591.631771] Parse,12746,7f89928c3ff0,387452647
[21591.631811] Parse,12746,7f89928c2ff0,387452647
[21591.631850] Parse,12746,7f89928c1ff0,387452647
[21591.631893] Parse,12746,7f89928c0ff0,387452647
[21591.631931] Parse,12746,7f89928bfff0,387452647
[21591.631970] Parse,12746,7f89928beff0,387452647
[21591.632010] Parse,12746,7f89928bdff0,387452647
[21591.632050] Parse,12746,7f89928bcff0,387452647
[21591.632090] Parse,12746,7f89928bbff0,387452647
[21591.632131] Parse,12746,7f89928baff0,387452647
[21591.632170] Parse,12746,7f89928b9ff0,387452647
[21591.632212] Parse,12746,7f89928b8ff0,387452647
[21591.632251] Parse,12746,7f89928b7ff0,387452647
[21591.632292] Parse,12746,7f89928b6ff0,387452647
[21591.632332] Parse,12746,7f89928b5ff0,387452647
[21591.632373] Parse,12746,7f89928b4ff0,387452647
[21591.632413] Parse,12746,7f89928b3ff0,387452647
[21591.632453] Parse,12746,7f89928b2ff0,387452647
[21591.632493] Parse,12746,7f89928b1ff0,387452647
[21591.632532] Parse,12746,7f89928b0ff0,387452647
[21591.632572] Parse,12746,7f89928afff0,387452647
[21591.632612] Parse,12746,7f89928aeff0,387452647
[21591.632652] Parse,12746,7f89928adff0,387452647
[21591.632692] Parse,12746,7f89928acff0,387452647
[21591.632731] Parse,12746,7f89928abff0,387452647
[21591.632771] Parse,12746,7f89928aaff0,387452647
[21591.632812] Parse,12746,7f89928a9ff0,387452647
[21591.632850] Parse,12746,7f89928a8ff0,387452647
[21591.632890] Parse,12746,7f89928a7ff0,387452647
[21591.632929] Parse,12746,7f89928a6ff0,387452647
[21591.632968] Parse,12746,7f89928a5ff0,387452647
[21591.633008] Parse,12746,7f89928a4ff0,387452647
[21591.633048] Parse,12746,7f89928a3ff0,387452647
[21591.633088] Parse,12746,7f89928a2ff0,387452647
[21591.633129] Parse,12746,7f89928a1ff0,387452647
[21591.633169] Parse,12746,7f89928a0ff0,387452647
[21591.633209] Parse,12746,7f899289fff0,387452647
[21591.633250] Parse,12746,7f899289eff0,387452647
[21591.633681] Parse,12746,7f899289dff0,391452876
[21591.633723] Parse,12746,7f899289cff0,391452876
[21591.633770] Parse,12746,7f899289bff0,391452876
[21591.633813] Parse,12746,7f899289aff0,391452876
[21591.633854] Parse,12746,7f8992899ff0,391452876
[21591.633895] Parse,12746,7f8992898ff0,391452876
[21591.633935] Parse,12746,7f8992897ff0,391452876
[21591.633975] Parse,12746,7f8992896ff0,391452876
[21591.634015] Parse,12746,7f8992895ff0,391452876
[21591.634057] Parse,12746,7f8992894ff0,391452876
[21591.634098] Parse,12746,7f8992893ff0,391452876
[21591.634136] Parse,12746,7f8992892ff0,391452876
[21591.634177] Parse,12746,7f8992891ff0,391452876
[21591.634217] Parse,12746,7f8992890ff0,391452876
[21591.634257] Parse,12746,7f899288fff0,391452876
[21591.634299] Parse,12746,7f899288eff0,391452876
[21591.634340] Parse,12746,7f899288dff0,391452876
[21591.634380] Parse,12746,7f899288cff0,391452876
[21591.634419] Parse,12746,7f899288bff0,391452876
[21591.634461] Parse,12746,7f899288aff0,391452876
[21591.634502] Parse,12746,7f8992889ff0,391452876
[21591.634543] Parse,12746,7f8992888ff0,391452876
[21591.634583] Parse,12746,7f8992887ff0,391452876
[21591.634625] Parse,12746,7f8992886ff0,391452876
[21591.634665] Parse,12746,7f8992885ff0,391452876
[21591.634706] Parse,12746,7f8992884ff0,391452876
[21591.634755] Parse,12746,7f8992883ff0,391452876
[21591.634796] Parse,12746,7f8992882ff0,391452876
[21591.634836] Parse,12746,7f8992881ff0,391452876
[21591.634876] Parse,12746,7f8992880ff0,391452876
[21591.634917] Parse,12746,7f899287fff0,391452876
[21591.634957] Parse,12746,7f899287eff0,391452876
[21591.634997] Parse,12746,7f899287dff0,391452876
[21591.635039] Parse,12746,7f899287cff0,391452876
[21591.635082] Parse,12746,7f899287bff0,391452876
[21591.635122] Parse,12746,7f899287aff0,391452876
[21591.635162] Parse,12746,7f8992879ff0,391452876
[21591.635203] Parse,12746,7f8992878ff0,391452876
[21591.635243] Parse,12746,7f8992877ff0,391452876
[21591.635282] Parse,12746,7f8992876ff0,391452876
[21591.635323] Parse,12746,7f8992875ff0,391452876
[21591.635362] Parse,12746,7f8992874ff0,391452876
[21591.635402] Parse,12746,7f8992873ff0,391452876
[21591.635442] Parse,12746,7f8992872ff0,391452876
[21591.635482] Parse,12746,7f8992871ff0,391452876
[21591.635522] Parse,12746,7f8992870ff0,391452876
[21591.635562] Parse,12746,7f899286fff0,391452876
[21591.635604] Parse,12746,7f899286eff0,391452876
[21591.635643] Parse,12746,7f899286dff0,391452876
[21591.635683] Parse,12746,7f899286cff0,391452876
[21591.635722] Parse,12746,7f899286bff0,391452876
[21591.635762] Parse,12746,7f899286aff0,391452876
[21591.635802] Parse,12746,7f8992869ff0,391452876
[21591.635841] Parse,12746,7f8992868ff0,391452876
[21591.635881] Parse,12746,7f8992867ff0,391452876
[21591.635922] Parse,12746,7f8992866ff0,391452876
[21591.635961] Parse,12746,7f8992865ff0,391452876
[21591.636001] Parse,12746,7f8992864ff0,391452876
[21591.636041] Parse,12746,7f8992863ff0,391452876
[21591.636081] Parse,12746,7f8992862ff0,391452876
[21591.636121] Parse,12746,7f8992861ff0,391452876
[21591.636162] Parse,12746,7f8992860ff0,391452876
[21591.636203] Parse,12746,7f899285fff0,391452876
[21591.636242] Parse,12746,7f899285eff0,391452876
[21591.636282] Parse,12746,7f899285dff0,391452876
[21591.636325] Parse,12746,7f899285cff0,391452876
[21591.636365] Parse,12746,7f899285bff0,391452876
[21591.636404] Parse,12746,7f899285aff0,391452876
[21591.636445] Parse,12746,7f8992859ff0,391452876
[21591.636485] Parse,12746,7f8992858ff0,391452876
[21591.636525] Parse,12746,7f8992857ff0,391452876
[21591.636565] Parse,12746,7f8992856ff0,391452876
[21591.636604] Parse,12746,7f8992855ff0,391452876
[21591.636645] Parse,12746,7f8992854ff0,391452876
[21591.636684] Parse,12746,7f8992853ff0,391452876
[21591.636725] Parse,12746,7f8992852ff0,391452876
[21591.636765] Parse,12746,7f8992851ff0,391452876
[21591.636804] Parse,12746,7f8992850ff0,391452876
[21591.636844] Parse,12746,7f899284fff0,391452876
[21591.636885] Parse,12746,7f899284eff0,391452876
[21591.636924] Parse,12746,7f899284dff0,391452876
[21591.636967] Parse,12746,7f899284cff0,391452876
[21591.637007] Parse,12746,7f899284bff0,391452876
[21591.637047] Parse,12746,7f899284aff0,391452876
[21591.637087] Parse,12746,7f8992849ff0,391452876
[21591.637128] Parse,12746,7f8992848ff0,391452876
[21591.637169] Parse,12746,7f8992847ff0,391452876
[21591.637210] Parse,12746,7f8992846ff0,391452876
[21591.637249] Parse,12746,7f8992845ff0,391452876
[21591.637686] Parse,12746,7f8992844ff0,395453104
[21591.637728] Parse,12746,7f8992843ff0,395453104
[21591.637774] Parse,12746,7f8992842ff0,395453104
[21591.637815] Parse,12746,7f8992841ff0,395453104
[21591.637854] Parse,12746,7f8992840ff0,395453104
[21591.637896] Parse,12746,7f899283fff0,395453104
[21591.637936] Parse,12746,7f899283eff0,395453104
[21591.637975] Parse,12746,7f899283dff0,395453104
[21591.638028] Parse,12746,7f899283cff0,395453104
[21591.638072] Parse,12746,7f899283bff0,395453104
[21591.638116] Parse,12746,7f899283aff0,395453104
[21591.638160] Parse,12746,7f8992839ff0,395453104
[21591.638204] Parse,12746,7f8992838ff0,395453104
[21591.638249] Parse,12746,7f8992837ff0,395453104
[21591.638293] Parse,12746,7f8992836ff0,395453104
[21591.638335] Parse,12746,7f8992835ff0,395453104
[21591.638379] Parse,12746,7f8992834ff0,395453104
[21591.638423] Parse,12746,7f8992833ff0,395453104
[21591.638467] Parse,12746,7f8992832ff0,395453104
[21591.638513] Parse,12746,7f8992831ff0,395453104
[21591.638558] Parse,12746,7f8992830ff0,395453104
[21591.638604] Parse,12746,7f899282fff0,395453104
[21591.638649] Parse,12746,7f899282eff0,395453104
[21591.638692] Parse,12746,7f899282dff0,395453104
[21591.638736] Parse,12746,7f899282cff0,395453104
[21591.638781] Parse,12746,7f899282bff0,395453104
[21591.638826] Parse,12746,7f899282aff0,395453104
[21591.638871] Parse,12746,7f8992829ff0,395453104
[21591.638914] Parse,12746,7f8992828ff0,395453104
[21591.638959] Parse,12746,7f8992827ff0,395453104
[21591.639001] Parse,12746,7f8992826ff0,395453104
[21591.639045] Parse,12746,7f8992825ff0,395453104
[21591.639090] Parse,12746,7f8992824ff0,395453104
[21591.639137] Parse,12746,7f8992823ff0,395453104
[21591.639181] Parse,12746,7f8992822ff0,395453104
[21591.639225] Parse,12746,7f8992821ff0,395453104
[21591.639270] Parse,12746,7f8992820ff0,395453104
[21591.639314] Parse,12746,7f899281fff0,395453104
[21591.639357] Parse,12746,7f899281eff0,395453104
[21591.639400] Parse,12746,7f899281dff0,395453104
[21591.639444] Parse,12746,7f899281cff0,395453104
[21591.639488] Parse,12746,7f899281bff0,395453104
[21591.639532] Parse,12746,7f899281aff0,395453104
[21591.639575] Parse,12746,7f8992819ff0,395453104
[21591.639619] Parse,12746,7f8992818ff0,395453104
[21591.639663] Parse,12746,7f8992817ff0,395453104
[21591.639706] Parse,12746,7f8992816ff0,395453104
[21591.639751] Parse,12746,7f8992815ff0,395453104
[21591.639795] Parse,12746,7f8992814ff0,395453104
[21591.639839] Parse,12746,7f8992813ff0,395453104
[21591.639883] Parse,12746,7f8992812ff0,395453104
[21591.639927] Parse,12746,7f8992811ff0,395453104
[21591.639970] Parse,12746,7f8992810ff0,395453104
[21591.640013] Parse,12746,7f899280fff0,395453104
[21591.640057] Parse,12746,7f899280eff0,395453104
[21591.640100] Parse,12746,7f899280dff0,395453104
[21591.640145] Parse,12746,7f899280cff0,395453104
[21591.640189] Parse,12746,7f899280bff0,395453104
[21591.640234] Parse,12746,7f899280aff0,395453104
[21591.640278] Parse,12746,7f8992809ff0,395453104
[21591.640323] Parse,12746,7f8992808ff0,395453104
[21591.640370] Parse,12746,7f8992807ff0,395453104
[21591.640413] Parse,12746,7f8992806ff0,395453104
[21591.640456] Parse,12746,7f8992805ff0,395453104
[21591.640499] Parse,12746,7f8992804ff0,395453104
[21591.640543] Parse,12746,7f8992803ff0,395453104
[21591.640588] Parse,12746,7f8992802ff0,395453104
[21591.640632] Parse,12746,7f8992801ff0,395453104
[21591.640676] Parse,12746,7f8992800ff0,395453104
[21591.640719] Parse,12746,7f89927ffff0,395453104
[21591.640765] Parse,12746,7f89927feff0,395453104
[21591.640809] Parse,12746,7f89927fdff0,395453104
[21591.640854] Parse,12746,7f89927fcff0,395453104
[21591.640897] Parse,12746,7f89927fbff0,395453104
[21591.640942] Parse,12746,7f89927faff0,395453104
[21591.640989] Parse,12746,7f89927f9ff0,395453104
[21591.641034] Parse,12746,7f89927f8ff0,395453104
[21591.641077] Parse,12746,7f89927f7ff0,395453104
[21591.641120] Parse,12746,7f89927f6ff0,395453104
[21591.641163] Parse,12746,7f89927f5ff0,395453104
[21591.641207] Parse,12746,7f89927f4ff0,395453104
[21591.641251] Parse,12746,7f89927f3ff0,395453104
[21591.641698] Parse,12746,7f89927f2ff0,399453333
[21591.641748] Parse,12746,7f89927f1ff0,399453333
[21591.641793] Parse,12746,7f89927f0ff0,399453333
[21591.641836] Parse,12746,7f89927efff0,399453333
[21591.641881] Parse,12746,7f89927eeff0,399453333
[21591.641927] Parse,12746,7f89927edff0,399453333
[21591.641970] Parse,12746,7f89927ecff0,399453333
[21591.642014] Parse,12746,7f89927ebff0,399453333
[21591.642058] Parse,12746,7f89927eaff0,399453333
[21591.642102] Parse,12746,7f89927e9ff0,399453333
[21591.642147] Parse,12746,7f89927e8ff0,399453333
[21591.642191] Parse,12746,7f89927e7ff0,399453333
[21591.642235] Parse,12746,7f89927e6ff0,399453333
[21591.642281] Parse,12746,7f89927e5ff0,399453333
[21591.642324] Parse,12746,7f89927e4ff0,399453333
[21591.642368] Parse,12746,7f89927e3ff0,399453333
[21591.642413] Parse,12746,7f89927e2ff0,399453333
[21591.642456] Parse,12746,7f89927e1ff0,399453333
[21591.642500] Parse,12746,7f89927e0ff0,399453333
[21591.642544] Parse,12746,7f89927dfff0,399453333
[21591.642586] Parse,12746,7f89927deff0,399453333
[21591.642635] Parse,12746,7f89927ddff0,399453333
[21591.642679] Parse,12746,7f89927dcff0,399453333
[21591.642723] Parse,12746,7f89927dbff0,399453333
[21591.642768] Parse,12746,7f89927daff0,399453333
[21591.642812] Parse,12746,7f89927d9ff0,399453333
[21591.642858] Parse,12746,7f89927d8ff0,399453333
[21591.642904] Parse,12746,7f89927d7ff0,399453333
[21591.642948] Parse,12746,7f89927d6ff0,399453333
[21591.642991] Parse,12746,7f89927d5ff0,399453333
[21591.643036] Parse,12746,7f89927d4ff0,399453333
[21591.643080] Parse,12746,7f89927d3ff0,399453333
[21591.643124] Parse,12746,7f89927d2ff0,399453333
[21591.643169] Parse,12746,7f89927d1ff0,399453333
[21591.643213] Parse,12746,7f89927d0ff0,399453333
[21591.643256] Parse,12746,7f89927cfff0,399453333
[21591.643301] Parse,12746,7f89927ceff0,399453333
[21591.643345] Parse,12746,7f89927cdff0,399453333
[21591.643388] Parse,12746,7f89927ccff0,399453333
[21591.643432] Parse,12746,7f89927cbff0,399453333
[21591.643475] Parse,12746,7f89927caff0,399453333
[21591.643521] Parse,12746,7f89927c9ff0,399453333
[21591.643564] Parse,12746,7f89927c8ff0,399453333
[21591.643608] Parse,12746,7f89927c7ff0,399453333
[21591.643651] Parse,12746,7f89927c6ff0,399453333
[21591.643695] Parse,12746,7f89927c5ff0,399453333
[21591.643739] Parse,12746,7f89927c4ff0,399453333
[21591.643784] Parse,12746,7f89927c3ff0,399453333
[21591.643828] Parse,12746,7f89927c2ff0,399453333
[21591.643873] Parse,12746,7f89927c1ff0,399453333
[21591.643917] Parse,12746,7f89927c0ff0,399453333
[21591.643961] Parse,12746,7f89927bfff0,399453333
[21591.644005] Parse,12746,7f89927beff0,399453333
[21591.644049] Parse,12746,7f89927bdff0,399453333
[21591.644093] Parse,12746,7f89927bcff0,399453333
[21591.644138] Parse,12746,7f89927bbff0,399453333
[21591.644181] Parse,12746,7f89927baff0,399453333
[21591.644225] Parse,12746,7f89927b9ff0,399453333
[21591.644269] Parse,12746,7f89927b8ff0,399453333
[21591.644312] Parse,12746,7f89927b7ff0,399453333
[21591.644356] Parse,12746,7f89927b6ff0,399453333
[21591.644400] Parse,12746,7f89927b5ff0,399453333
[21591.644442] Parse,12746,7f89927b4ff0,399453333
[21591.644489] Parse,12746,7f89927b3ff0,399453333
[21591.644533] Parse,12746,7f89927b2ff0,399453333
[21591.644576] Parse,12746,7f89927b1ff0,399453333
[21591.644621] Parse,12746,7f89927b0ff0,399453333
[21591.644665] Parse,12746,7f89927afff0,399453333
[21591.644709] Parse,12746,7f89927aeff0,399453333
[21591.644762] Parse,12746,7f89927adff0,399453333
[21591.644805] Parse,12746,7f89927acff0,399453333
[21591.644849] Parse,12746,7f89927abff0,399453333
[21591.644893] Parse,12746,7f89927aaff0,399453333
[21591.644936] Parse,12746,7f89927a9ff0,399453333
[21591.644980] Parse,12746,7f89927a8ff0,399453333
[21591.645023] Parse,12746,7f89927a7ff0,399453333
[21591.645066] Parse,12746,7f89927a6ff0,399453333
[21591.645109] Parse,12746,7f89927a5ff0,399453333
[21591.645154] Parse,12746,7f89927a4ff0,399453333
[21591.645196] Parse,12746,7f89927a3ff0,399453333
[21591.645241] Parse,12746,7f89927a2ff0,399453333
[21591.645685] Parse,12746,7f89927a1ff0,403453561
[21591.645733] Parse,12746,7f89927a0ff0,403453561
[21591.645779] Parse,12746,7f899279fff0,403453561
[21591.645822] Parse,12746,7f899279eff0,403453561
[21591.645866] Parse,12746,7f899279dff0,403453561
[21591.645912] Parse,12746,7f899279cff0,403453561
[21591.645957] Parse,12746,7f899279bff0,403453561
[21591.645999] Parse,12746,7f899279aff0,403453561
[21591.646045] Parse,12746,7f8992799ff0,403453561
[21591.646089] Parse,12746,7f8992798ff0,403453561
[21591.646135] Parse,12746,7f8992797ff0,403453561
[21591.646178] Parse,12746,7f8992796ff0,403453561
[21591.646222] Parse,12746,7f8992795ff0,403453561
[21591.646266] Parse,12746,7f8992794ff0,403453561
[21591.646309] Parse,12746,7f8992793ff0,403453561
[21591.646353] Parse,12746,7f8992792ff0,403453561
[21591.646397] Parse,12746,7f8992791ff0,403453561
[21591.646442] Parse,12746,7f8992790ff0,403453561
[21591.646486] Parse,12746,7f899278fff0,403453561
[21591.646531] Parse,12746,7f899278eff0,403453561
[21591.646576] Parse,12746,7f899278dff0,403453561
[21591.646621] Parse,12746,7f899278cff0,403453561
[21591.646667] Parse,12746,7f899278bff0,403453561
[21591.646711] Parse,12746,7f899278aff0,403453561
[21591.646755] Parse,12746,7f8992789ff0,403453561
[21591.646800] Parse,12746,7f8992788ff0,403453561
[21591.646843] Parse,12746,7f8992787ff0,403453561
[21591.646886] Parse,12746,7f8992786ff0,403453561
[21591.646930] Parse,12746,7f8992785ff0,403453561
[21591.646974] Parse,12746,7f8992784ff0,403453561
[21591.647018] Parse,12746,7f8992783ff0,403453561
[21591.647061] Parse,12746,7f8992782ff0,403453561
[21591.647105] Parse,12746,7f8992781ff0,403453561
[21591.647149] Parse,12746,7f8992780ff0,403453561
[21591.647193] Parse,12746,7f899277fff0,403453561
[21591.647236] Parse,12746,7f899277eff0,403453561
[21591.647283] Parse,12746,7f899277dff0,403453561
[21591.647327] Parse,12746,7f899277cff0,403453561
[21591.647371] Parse,12746,7f899277bff0,403453561
[21591.647414] Parse,12746,7f899277aff0,403453561
[21591.647458] Parse,12746,7f8992779ff0,403453561
[21591.647501] Parse,12746,7f8992778ff0,403453561
[21591.647544] Parse,12746,7f8992777ff0,403453561
[21591.647587] Parse,12746,7f8992776ff0,403453561
[21591.647631] Parse,12746,7f8992775ff0,403453561
[21591.647702] Parse,12746,7f8992774ff0,403453561
[21591.647743] Parse,12746,7f8992773ff0,403453561
[21591.647783] Parse,12746,7f8992772ff0,403453561
[21591.647822] Parse,12746,7f8992771ff0,403453561
[21591.647861] Parse,12746,7f8992770ff0,403453561
[21591.647902] Parse,12746,7f899276fff0,403453561
[21591.647942] Parse,12746,7f899276eff0,403453561
[21591.647983] Parse,12746,7f899276dff0,403453561
[21591.648022] Parse,12746,7f899276cff0,403453561
[21591.648062] Parse,12746,7f899276bff0,403453561
[21591.648102] Parse,12746,7f899276aff0,403453561
[21591.648141] Parse,12746,7f8992769ff0,403453561
[21591.648181] Parse,12746,7f8992768ff0,403453561
[21591.648221] Parse,12746,7f8992767ff0,403453561
[21591.648261] Parse,12746,7f8992766ff0,403453561
[21591.648302] Parse,12746,7f8992765ff0,403453561
[21591.648344] Parse,12746,7f8992764ff0,403453561
[21591.648385] Parse,12746,7f8992763ff0,403453561
[21591.648424] Parse,12746,7f8992762ff0,403453561
[21591.648465] Parse,12746,7f8992761ff0,403453561
[21591.648505] Parse,12746,7f8992760ff0,403453561
[21591.648544] Parse,12746,7f899275fff0,403453561
[21591.648584] Parse,12746,7f899275eff0,403453561
[21591.648625] Parse,12746,7f899275dff0,403453561
[21591.648665] Parse,12746,7f899275cff0,403453561
[21591.648705] Parse,12746,7f899275bff0,403453561
[21591.648745] Parse,12746,7f899275aff0,403453561
[21591.648785] Parse,12746,7f8992759ff0,403453561
[21591.648824] Parse,12746,7f8992758ff0,403453561
[21591.648864] Parse,12746,7f8992757ff0,403453561
[21591.648904] Parse,12746,7f8992756ff0,403453561
[21591.648945] Parse,12746,7f8992755ff0,403453561
[21591.648984] Parse,12746,7f8992754ff0,403453561
[21591.649025] Parse,12746,7f8992753ff0,403453561
[21591.649065] Parse,12746,7f8992752ff0,403453561
[21591.649104] Parse,12746,7f8992751ff0,403453561
[21591.649144] Parse,12746,7f8992750ff0,403453561
[21591.649184] Parse,12746,7f899274fff0,403453561
[21591.649223] Parse,12746,7f899274eff0,403453561
[21591.649263] Parse,12746,7f899274dff0,403453561
[21591.649680] Parse,12746,7f899274cff0,407453789
[21591.649721] Parse,12746,7f899274bff0,407453789
[21591.649768] Parse,12746,7f899274aff0,407453789
[21591.649807] Parse,12746,7f8992749ff0,407453789
[21591.649850] Parse,12746,7f8992748ff0,407453789
[21591.649889] Parse,12746,7f8992747ff0,407453789
[21591.649929] Parse,12746,7f8992746ff0,407453789
[21591.649968] Parse,12746,7f8992745ff0,407453789
[21591.650007] Parse,12746,7f8992744ff0,407453789
[21591.650047] Parse,12746,7f8992743ff0,407453789
[21591.650086] Parse,12746,7f8992742ff0,407453789
[21591.650127] Parse,12746,7f8992741ff0,407453789
[21591.650167] Parse,12746,7f8992740ff0,407453789
[21591.650208] Parse,12746,7f899273fff0,407453789
[21591.650247] Parse,12746,7f899273eff0,407453789
[21591.650287] Parse,12746,7f899273dff0,407453789
[21591.650326] Parse,12746,7f899273cff0,407453789
[21591.650367] Parse,12746,7f899273bff0,407453789
[21591.650406] Parse,12746,7f899273aff0,407453789
[21591.650447] Parse,12746,7f8992739ff0,407453789
[21591.650487] Parse,12746,7f8992738ff0,407453789
[21591.650527] Parse,12746,7f8992737ff0,407453789
[21591.650566] Parse,12746,7f8992736ff0,407453789
[21591.650605] Parse,12746,7f8992735ff0,407453789
[21591.650645] Parse,12746,7f8992734ff0,407453789
[21591.650683] Parse,12746,7f8992733ff0,407453789
[21591.650724] Parse,12746,7f8992732ff0,407453789
[21591.650764] Parse,12746,7f8992731ff0,407453789
[21591.650803] Parse,12746,7f8992730ff0,407453789
[21591.650843] Parse,12746,7f899272fff0,407453789
[21591.650883] Parse,12746,7f899272eff0,407453789
[21591.650923] Parse,12746,7f899272dff0,407453789
[21591.650962] Parse,12746,7f899272cff0,407453789
[21591.651002] Parse,12746,7f899272bff0,407453789
[21591.651043] Parse,12746,7f899272aff0,407453789
[21591.651083] Parse,12746,7f8992729ff0,407453789
[21591.651123] Parse,12746,7f8992728ff0,407453789
[21591.651163] Parse,12746,7f8992727ff0,407453789
[21591.651202] Parse,12746,7f8992726ff0,407453789
[21591.651242] Parse,12746,7f8992725ff0,407453789
[21591.651283] Parse,12746,7f8992724ff0,407453789
[21591.651323] Parse,12746,7f8992723ff0,407453789
[21591.651363] Parse,12746,7f8992722ff0,407453789
[21591.651404] Parse,12746,7f8992721ff0,407453789
[21591.651443] Parse,12746,7f8992720ff0,407453789
[21591.651482] Parse,12746,7f899271fff0,407453789
[21591.651522] Parse,12746,7f899271eff0,407453789
[21591.651563] Parse,12746,7f899271dff0,407453789
[21591.651602] Parse,12746,7f899271cff0,407453789
[21591.651642] Parse,12746,7f899271bff0,407453789
[21591.651681] Parse,12746,7f899271aff0,407453789
[21591.651723] Parse,12746,7f8992719ff0,407453789
[21591.651763] Parse,12746,7f8992718ff0,407453789
[21591.651804] Parse,12746,7f8992717ff0,407453789
[21591.651844] Parse,12746,7f8992716ff0,407453789
[21591.651884] Parse,12746,7f8992715ff0,407453789
[21591.651925] Parse,12746,7f8992714ff0,407453789
[21591.651964] Parse,12746,7f8992713ff0,407453789
[21591.652004] Parse,12746,7f8992712ff0,407453789
[21591.652044] Parse,12746,7f8992711ff0,407453789
[21591.652083] Parse,12746,7f8992710ff0,407453789
[21591.652124] Parse,12746,7f899270fff0,407453789
[21591.652164] Parse,12746,7f899270eff0,407453789
[21591.652205] Parse,12746,7f899270dff0,407453789
[21591.652245] Parse,12746,7f899270cff0,407453789
[21591.652285] Parse,12746,7f899270bff0,407453789
[21591.652325] Parse,12746,7f899270aff0,407453789
[21591.652365] Parse,12746,7f8992709ff0,407453789
[21591.652407] Parse,12746,7f8992708ff0,407453789
[21591.652446] Parse,12746,7f8992707ff0,407453789
[21591.652486] Parse,12746,7f8992706ff0,407453789
[21591.652526] Parse,12746,7f8992705ff0,407453789
[21591.652566] Parse,12746,7f8992704ff0,407453789
[21591.652606] Parse,12746,7f8992703ff0,407453789
[21591.652646] Parse,12746,7f8992702ff0,407453789
[21591.652686] Parse,12746,7f8992701ff0,407453789
[21591.652724] Parse,12746,7f8992700ff0,407453789
[21591.652772] Parse,12746,7f89926ffff0,407453789
[21591.652812] Parse,12746,7f89926feff0,407453789
[21591.652851] Parse,12746,7f89926fdff0,407453789
[21591.652892] Parse,12746,7f89926fcff0,407453789
[21591.652932] Parse,12746,7f89926fbff0,407453789
[21591.652974] Parse,12746,7f89926faff0,407453789
[21591.653013] Parse,12746,7f89926f9ff0,407453789
[21591.653053] Parse,12746,7f89926f8ff0,407453789
[21591.653092] Parse,12746,7f89926f7ff0,407453789
[21591.653132] Parse,12746,7f89926f6ff0,407453789
[21591.653173] Parse,12746,7f89926f5ff0,407453789
[21591.653214] Parse,12746,7f89926f4ff0,407453789
[21591.653254] Parse,12746,7f89926f3ff0,407453789
[21591.653691] Parse,12746,7f89926f2ff0,411454017
[21591.653732] Parse,12746,7f89926f1ff0,411454017
[21591.653771] Parse,12746,7f89926f0ff0,411454017
[21591.653812] Parse,12746,7f89926efff0,411454017
[21591.653853] Parse,12746,7f89926eeff0,411454017
[21591.653892] Parse,12746,7f89926edff0,411454017
[21591.653931] Parse,12746,7f89926ecff0,411454017
[21591.653971] Parse,12746,7f89926ebff0,411454017
[21591.654011] Parse,12746,7f89926eaff0,411454017
[21591.654050] Parse,12746,7f89926e9ff0,411454017
[21591.654091] Parse,12746,7f89926e8ff0,411454017
[21591.654132] Parse,12746,7f89926e7ff0,411454017
[21591.654173] Parse,12746,7f89926e6ff0,411454017
[21591.654213] Parse,12746,7f89926e5ff0,411454017
[21591.654252] Parse,12746,7f89926e4ff0,411454017
[21591.654293] Parse,12746,7f89926e3ff0,411454017
[21591.654333] Parse,12746,7f89926e2ff0,411454017
[21591.654372] Parse,12746,7f89926e1ff0,411454017
[21591.654412] Parse,12746,7f89926e0ff0,411454017
[21591.654452] Parse,12746,7f89926dfff0,411454017
[21591.654491] Parse,12746,7f89926deff0,411454017
[21591.654532] Parse,12746,7f89926ddff0,411454017
[21591.654573] Parse,12746,7f89926dcff0,411454017
[21591.654614] Parse,12746,7f89926dbff0,411454017
[21591.654653] Parse,12746,7f89926daff0,411454017
[21591.654695] Parse,12746,7f89926d9ff0,411454017
[21591.654750] Parse,12746,7f89926d8ff0,411454017
[21591.654792] Parse,12746,7f89926d7ff0,411454017
[21591.654834] Parse,12746,7f89926d6ff0,411454017
[21591.654876] Parse,12746,7f89926d5ff0,411454017
[21591.654918] Parse,12746,7f89926d4ff0,411454017
[21591.654959] Parse,12746,7f89926d3ff0,411454017
[21591.654998] Parse,12746,7f89926d2ff0,411454017
[21591.655039] Parse,12746,7f89926d1ff0,411454017
[21591.655080] Parse,12746,7f89926d0ff0,411454017
[21591.655119] Parse,12746,7f89926cfff0,411454017
[21591.655159] Parse,12746,7f89926ceff0,411454017
[21591.655198] Parse,12746,7f89926cdff0,411454017
[21591.655238] Parse,12746,7f89926ccff0,411454017
[21591.655278] Parse,12746,7f89926cbff0,411454017
[21591.655317] Parse,12746,7f89926caff0,411454017
[21591.655357] Parse,12746,7f89926c9ff0,411454017
[21591.655396] Parse,12746,7f89926c8ff0,411454017
[21591.655438] Parse,12746,7f89926c7ff0,411454017
[21591.655478] Parse,12746,7f89926c6ff0,411454017
[21591.655519] Parse,12746,7f89926c5ff0,411454017
[21591.655559] Parse,12746,7f89926c4ff0,411454017
[21591.655598] Parse,12746,7f89926c3ff0,411454017
[21591.655637] Parse,12746,7f89926c2ff0,411454017
[21591.655677] Parse,12746,7f89926c1ff0,411454017
[21591.655717] Parse,12746,7f89926c0ff0,411454017
[21591.655757] Parse,12746,7f89926bfff0,411454017
[21591.655797] Parse,12746,7f89926beff0,411454017
[21591.655839] Parse,12746,7f89926bdff0,411454017
[21591.655879] Parse,12746,7f89926bcff0,411454017
[21591.655918] Parse,12746,7f89926bbff0,411454017
[21591.655958] Parse,12746,7f89926baff0,411454017
[21591.655998] Parse,12746,7f89926b9ff0,411454017
[21591.656038] Parse,12746,7f89926b8ff0,411454017
[21591.656079] Parse,12746,7f89926b7ff0,411454017
[21591.656121] Parse,12746,7f89926b6ff0,411454017
[21591.656160] Parse,12746,7f89926b5ff0,411454017
[21591.656200] Parse,12746,7f89926b4ff0,411454017
[21591.656241] Parse,12746,7f89926b3ff0,411454017
[21591.656281] Parse,12746,7f89926b2ff0,411454017