[25045.920604] Parse,19393,7fc30f6f0010,872764456
[25045.920617] Parse,19393,7fc30f6f1000,872764456
[25045.920620] Parse,19393,7fc30f6ed000,872764456
[25045.920632] Parse,19393,7fc30f6f2000,872764456
[25045.920635] Parse,19393,7fc30f6ee000,872764456
[25045.920646] Parse,19393,7fc30f6f3000,872764456
[25045.920658] Parse,19393,7fc30f6f4000,872764456
[25045.920669] Parse,19393,7fc30f6f5000,872764456
[25045.920681] Parse,19393,7fc30f6f6000,872764456
[25045.920692] Parse,19393,7fc30f6f7000,872764456
[25045.920704] Parse,19393,7fc30f6f8000,872764456
[25045.920715] Parse,19393,7fc30f6f9000,872764456
[25045.920732] Parse,19393,7fc30f6fa000,872764456
[25045.920743] Parse,19393,7fc30f6fb000,872764456
[25045.920756] Parse,19393,7fc30f6fc000,872764456
[25045.920768] Parse,19393,7fc30f6fd000,872764456
[25045.920779] Parse,19393,7fc30f6fe000,872764456
[25045.920791] Parse,19393,7fc30f6ff000,872764456
[25045.920802] Parse,19393,7fc30f700000,872764456
[25045.920814] Parse,19393,7fc30f701000,872764456
[25045.920825] Parse,19393,7fc30f702000,872764456
[25045.920836] Parse,19393,7fc30f703000,872764456
[25045.920848] Parse,19393,7fc30f704000,872764456
[25045.920859] Parse,19393,7fc30f705000,872764456
[25045.920870] Parse,19393,7fc30f706000,872764456
[25045.920882] Parse,19393,7fc30f707000,872764456
[25045.920893] Parse,19393,7fc30f708000,872764456
[25045.920905] Parse,19393,7fc30f709000,872764456
[25045.920917] Parse,19393,7fc30f70a000,872764456
[25045.920928] Parse,19393,7fc30f70b000,872764456
[25045.920940] Parse,19393,7fc30f70c000,872764456
[25045.920951] Parse,19393,7fc30f70d000,872764456
[25045.920962] Parse,19393,7fc30f70e000,872764456
[25045.920974] Parse,19393,7fc30f70f000,872764456
[25045.920985] Parse,19393,7fc30f710000,872764456
[25045.920996] Parse,19393,7fc30f711000,872764456
[25045.921007] Parse,19393,7fc30f712000,872764456
[25045.921019] Parse,19393,7fc30f713000,872764456
[25045.921030] Parse,19393,7fc30f714000,872764456
[25045.921041] Parse,19393,7fc30f715000,872764456
[25045.921052] Parse,19393,7fc30f716000,872764456
[25045.921064] Parse,19393,7fc30f717000,872764456
[25045.921076] Parse,19393,7fc30f718000,872764456
[25045.921087] Parse,19393,7fc30f719000,872764456
[25045.921098] Parse,19393,7fc30f71a000,872764456
[25045.921110] Parse,19393,7fc30f71b000,872764456
[25045.921121] Parse,19393,7fc30f71c000,872764456
[25045.921132] Parse,19393,7fc30f71d000,872764456
[25045.921143] Parse,19393,7fc30f71e000,872764456
[25045.921155] Parse,19393,7fc30f71f000,872764456
[25045.921166] Parse,19393,7fc30f720000,872764456
[25045.921177] Parse,19393,7fc30f721000,872764456
[25045.921188] Parse,19393,7fc30f722000,872764456
[25045.921200] Parse,19393,7fc30f723000,872764456
[25045.921211] Parse,19393,7fc30f724000,872764456
[25045.921222] Parse,19393,7fc30f725000,872764456
[25045.921234] Parse,19393,7fc30f726000,872764456
[25045.921246] Parse,19393,7fc30f727000,872764456
[25045.921257] Parse,19393,7fc30f728000,872764456
[25045.921268] Parse,19393,7fc30f729000,872764456
[25045.921280] Parse,19393,7fc30f72a000,872764456
[25045.921291] Parse,19393,7fc30f72b000,872764456
[25045.921303] Parse,19393,7fc30f72c000,872764456
[25045.921314] Parse,19393,7fc30f72d000,872764456
[25045.921325] Parse,19393,7fc30f72e000,872764456
[25045.921337] Parse,19393,7fc30f72f000,872764456
[25045.921348] Parse,19393,7fc30f730000,872764456
[25045.921359] Parse,19393,7fc30f731000,872764456
[25045.921379] Parse,19393,7fc30f733000,872764456
[25045.921390] Parse,19393,7fc30f734000,872764456
[25045.921402] Parse,19393,7fc30f735000,872764456
[25045.921413] Parse,19393,7fc30f736000,872764456
[25045.921425] Parse,19393,7fc30f737000,872764456
[25045.921436] Parse,19393,7fc30f738000,872764456
[25045.921447] Parse,19393,7fc30f739000,872764456
[25045.921458] Parse,19393,7fc30f73a000,872764456
[25045.921470] Parse,19393,7fc30f73b000,872764456
[25045.921481] Parse,19393,7fc30f73c000,872764456
[25045.921492] Parse,19393,7fc30f73d000,872764456
[25045.921504] Parse,19393,7fc30f73e000,872764456
[25045.921515] Parse,19393,7fc30f73f000,872764456
[25045.921526] Parse,19393,7fc30f740000,872764456
[25045.921537] Parse,19393,7fc30f741000,872764456
[25045.921549] Parse,19393,7fc30f742000,872764456
[25045.921561] Parse,19393,7fc30f743000,872764456
[25045.921572] Parse,19393,7fc30f744000,872764456
[25045.921584] Parse,19393,7fc30f745000,872764456
[25045.921595] Parse,19393,7fc30f746000,872764456
[25045.921606] Parse,19393,7fc30f747000,872764456
[25045.921617] Parse,19393,7fc30f748000,872764456
[25045.921628] Parse,19393,7fc30f749000,872764456
[25045.921639] Parse,19393,7fc30f74a000,872764456
[25045.921650] Parse,19393,7fc30f74b000,872764456
[25045.921662] Parse,19393,7fc30f74c000,872764456
[25045.921673] Parse,19393,7fc30f74d000,872764456
[25045.921684] Parse,19393,7fc30f74e000,872764456
[25045.921696] Parse,19393,7fc30f74f000,872764456
[25045.921707] Parse,19393,7fc30f750000,872764456
[25045.921719] Parse,19393,7fc30f751000,872764456
[25045.921730] Parse,19393,7fc30f752000,872764456
[25045.921749] Parse,19393,7fc30f753000,872764456
[25045.921760] Parse,19393,7fc30f754000,872764456
[25045.921775] Parse,19393,7fc30f755000,872764456
[25045.921790] Parse,19393,7fc30f756000,872764456
[25045.921802] Parse,19393,7fc30f757000,872764456
[25045.921813] Parse,19393,7fc30f758000,872764456
[25045.921828] Parse,19393,7fc30f759000,872764456
[25045.921840] Parse,19393,7fc30f75a000,872764456
[25045.921855] Parse,19393,7fc30f75b000,872764456
[25045.921871] Parse,19393,7fc30f75c000,872764456
[25045.921886] Parse,19393,7fc30f75d000,872764456
[25045.921897] Parse,19393,7fc30f75e000,872764456
[25045.921913] Parse,19393,7fc30f75f000,872764456
[25045.921925] Parse,19393,7fc30f760000,872764456
[25045.921936] Parse,19393,7fc30f761000,872764456
[25045.921948] Parse,19393,7fc30f762000,872764456
[25045.921959] Parse,19393,7fc30f763000,872764456
[25045.921970] Parse,19393,7fc30f764000,872764456
[25045.921982] Parse,19393,7fc30f765000,872764456
[25045.921993] Parse,19393,7fc30f766000,872764456
[25045.922004] Parse,19393,7fc30f767000,872764456
[25045.922020] Parse,19393,7fc30f768000,872764456
[25045.922035] Parse,19393,7fc30f769000,872764456
[25045.922051] Parse,19393,7fc30f76a000,872764456
[25045.922066] Parse,19393,7fc30f76b000,872764456
[25045.922077] Parse,19393,7fc30f76c000,872764456
[25045.922089] Parse,19393,7fc30f76d000,872764456
[25045.922101] Parse,19393,7fc30f76e000,872764456
[25045.922112] Parse,19393,7fc30f76f000,872764456
[25045.922123] Parse,19393,7fc30f770000,872764456
[25045.922135] Parse,19393,7fc30f771000,872764456
[25045.922146] Parse,19393,7fc30f772000,872764456
[25045.922157] Parse,19393,7fc30f773000,872764456
[25045.922172] Parse,19393,7fc30f774000,872764456
[25045.922183] Parse,19393,7fc30f775000,872764456
[25045.922195] Parse,19393,7fc30f776000,872764456
[25045.922206] Parse,19393,7fc30f777000,872764456
[25045.922217] Parse,19393,7fc30f778000,872764456
[25045.922228] Parse,19393,7fc30f779000,872764456
[25045.922239] Parse,19393,7fc30f77a000,872764456
[25045.922251] Parse,19393,7fc30f77b000,872764456
[25045.922263] Parse,19393,7fc30f77c000,872764456
[25045.922274] Parse,19393,7fc30f77d000,872764456
[25045.922285] Parse,19393,7fc30f77e000,872764456
[25045.922296] Parse,19393,7fc30f77f000,872764456
[25045.922308] Parse,19393,7fc30f780000,872764456
[25045.922319] Parse,19393,7fc30f781000,872764456
[25045.922330] Parse,19393,7fc30f782000,872764456
[25045.922341] Parse,19393,7fc30f783000,872764456
[25045.922352] Parse,19393,7fc30f784000,872764456
[25045.922364] Parse,19393,7fc30f785000,872764456
[25045.922375] Parse,19393,7fc30f786000,872764456
[25045.922386] Parse,19393,7fc30f787000,872764456
[25045.922397] Parse,19393,7fc30f788000,872764456
[25045.922410] Parse,19393,7fc30f789000,872764456
[25045.922421] Parse,19393,7fc30f78a000,872764456
[25045.922432] Parse,19393,7fc30f78b000,872764456
[25045.922443] Parse,19393,7fc30f78c000,872764456
[25045.922455] Parse,19393,7fc30f78d000,872764456
[25045.922466] Parse,19393,7fc30f78e000,872764456
[25045.922477] Parse,19393,7fc30f78f000,872764456
[25045.922489] Parse,19393,7fc30f790000,872764456
[25045.922500] Parse,19393,7fc30f791000,872764456
[25045.922512] Parse,19393,7fc30f792000,872764456
[25045.922526] Parse,19393,7fc30f793000,872764456
[25045.922537] Parse,19393,7fc30f794000,872764456
[25045.922549] Parse,19393,7fc30f795000,872764456
[25045.922560] Parse,19393,7fc30f796000,872764456
[25045.922572] Parse,19393,7fc30f797000,872764456
[25045.922584] Parse,19393,7fc30f798000,872764456
[25045.922595] Parse,19393,7fc30f799000,872764456
[25045.922607] Parse,19393,7fc30f79a000,872764456
[25045.922618] Parse,19393,7fc30f79b000,872764456
[25045.922630] Parse,19393,7fc30f79c000,872764456
[25045.922641] Parse,19393,7fc30f79d000,872764456
[25045.922653] Parse,19393,7fc30f79e000,872764456
[25045.922839] Parse,19393,7fc30f79f000,876764689
[25045.922851] Parse,19393,7fc30f7a0000,876764689
[25045.922862] Parse,19393,7fc30f7a1000,876764689
[25045.922873] Parse,19393,7fc30f7a2000,876764689
[25045.922884] Parse,19393,7fc30f7a3000,876764689
[25045.922896] Parse,19393,7fc30f7a4000,876764689
[25045.922908] Parse,19393,7fc30f7a5000,876764689
[25045.922919] Parse,19393,7fc30f7a6000,876764689
[25045.922930] Parse,19393,7fc30f7a7000,876764689
[25045.922942] Parse,19393,7fc30f7a8000,876764689
[25045.922953] Parse,19393,7fc30f7a9000,876764689
[25045.922964] Parse,19393,7fc30f7aa000,876764689
[25045.922975] Parse,19393,7fc30f7ab000,876764689
[25045.922987] Parse,19393,7fc30f7ac000,876764689
[25045.922998] Parse,19393,7fc30f7ad000,876764689
[25045.923009] Parse,19393,7fc30f7ae000,876764689
[25045.923020] Parse,19393,7fc30f7af000,876764689
[25045.923031] Parse,19393,7fc30f7b0000,876764689
[25045.923043] Parse,19393,7fc30f7b1000,876764689
[25045.923057] Parse,19393,7fc30f7b2000,876764689
[25045.923073] Parse,19393,7fc30f7b3000,876764689
[25045.923087] Parse,19393,7fc30f7b4000,876764689
[25045.923103] Parse,19393,7fc30f7b5000,876764689
[25045.923121] Parse,19393,7fc30f7b6000,876764689
[25045.923146] Parse,19393,7fc30f7b7000,876764689
[25045.923157] Parse,19393,7fc30f7b8000,876764689
[25045.923169] Parse,19393,7fc30f7b9000,876764689
[25045.923180] Parse,19393,7fc30f7ba000,876764689
[25045.923192] Parse,19393,7fc30f7bb000,876764689
[25045.923203] Parse,19393,7fc30f7bc000,876764689
[25045.923214] Parse,19393,7fc30f7bd000,876764689
[25045.923225] Parse,19393,7fc30f7be000,876764689
[25045.923237] Parse,19393,7fc30f7bf000,876764689
[25045.923248] Parse,19393,7fc30f7c0000,876764689
[25045.923260] Parse,19393,7fc30f7c1000,876764689
[25045.923271] Parse,19393,7fc30f7c2000,876764689
[25045.923282] Parse,19393,7fc30f7c3000,876764689
[25045.923294] Parse,19393,7fc30f7c4000,876764689
[25045.923305] Parse,19393,7fc30f7c5000,876764689
[25045.923316] Parse,19393,7fc30f7c6000,876764689
[25045.923327] Parse,19393,7fc30f7c7000,876764689
[25045.923338] Parse,19393,7fc30f7c8000,876764689
[25045.923350] Parse,19393,7fc30f7c9000,876764689
[25045.923361] Parse,19393,7fc30f7ca000,876764689
[25045.923372] Parse,19393,7fc30f7cb000,876764689
[25045.923405] Parse,19393,7fc30f7cc000,876764689
[25045.923440] Parse,19393,7fc30f7cd000,876764689
[25045.923451] Parse,19393,7fc30f7ce000,876764689
[25045.923464] Parse,19393,7fc30f7cf000,876764689
[25045.923475] Parse,19393,7fc30f7d0000,876764689
[25045.923490] Parse,19393,7fc30f7d1000,876764689
[25045.923501] Parse,19393,7fc30f7d2000,876764689
[25045.923512] Parse,19393,7fc30f7d3000,876764689
[25045.923523] Parse,19393,7fc30f7d4000,876764689
[25045.923535] Parse,19393,7fc30f7d5000,876764689
[25045.923546] Parse,19393,7fc30f7d6000,876764689
[25045.923560] Parse,19393,7fc30f7d7000,876764689
[25045.923572] Parse,19393,7fc30f7d8000,876764689
[25045.923584] Parse,19393,7fc30f7d9000,876764689
[25045.923595] Parse,19393,7fc30f7da000,876764689
[25045.923607] Parse,19393,7fc30f7db000,876764689
[25045.923618] Parse,19393,7fc30f7dc000,876764689
[25045.923631] Parse,19393,7fc30f7dd000,876764689
[25045.923649] Parse,19393,7fc30f7de000,876764689
[25045.923667] Parse,19393,7fc30f7df000,876764689
[25045.923692] Parse,19393,7fc30f7e0000,876764689
[25045.923703] Parse,19393,7fc30f7e1000,876764689
[25045.923714] Parse,19393,7fc30f7e2000,876764689
[25045.923726] Parse,19393,7fc30f7e3000,876764689
[25045.923737] Parse,19393,7fc30f7e4000,876764689
[25045.923748] Parse,19393,7fc30f7e5000,876764689
[25045.923760] Parse,19393,7fc30f7e6000,876764689
[25045.923771] Parse,19393,7fc30f7e7000,876764689
[25045.923783] Parse,19393,7fc30f7e8000,876764689
[25045.923794] Parse,19393,7fc30f7e9000,876764689
[25045.923805] Parse,19393,7fc30f7ea000,876764689
[25045.923818] Parse,19393,7fc30f7eb000,876764689
[25045.923829] Parse,19393,7fc30f7ec000,876764689
[25045.923851] Parse,19393,7fc30f7ed000,876764689
[25045.923867] Parse,19393,7fc30f7ee000,876764689
[25045.923878] Parse,19393,7fc30f7ef000,876764689
[25045.923893] Parse,19393,7fc30f7f0000,876764689
[25045.923898] Parse,19393,7fc30e2a16d8,876764689
[25045.923904] Parse,19393,7fc30e293828,876764689
[25045.923936] Parse,19393,7fc30de3f260,876764689
[25045.924131] Parse,19393,7fc30f0af8b8,876764689
[25045.927917] Parse,19393,7fc30f0af8b8,880764921
[25045.927931] Parse,19393,7fc30e9f0394,880764921
[25045.927938] Parse,19393,7fc30e7b0a78,880764921
[25045.930715] Parse,19393,7fc30e7b0a78,884765152
[25045.930722] Parse,19393,7fc30d777fc8,884765152
[25045.930771] Parse,19393,7fc30ca95e38,884765152
[25045.930788] Parse,19393,7fc30ca59908,884765152
[25045.930791] Parse,19393,7fc30c83f4d0,884765152
[25045.930798] Parse,19393,7fc30c846a30,884765152
[25045.930805] Parse,19393,7fc30c5aff1c,884765152
[25045.930816] Parse,19393,7fc30c3209c0,884765152
[25045.930845] Parse,19393,7fc30b8c05c4,884765152
[25045.930850] Parse,19393,7fc30b69ef04,884765152
[25045.930923] Parse,19393,7fc30d9b3640,884765152
[25045.930940] Parse,19393,7fc30acd4634,884765152
[25045.932584] Parse,19393,7fc30acd4634,884765152
[25045.932604] Parse,19393,7fc309cf8cb4,884765152
[25045.934127] Parse,19393,7fc309cf8cb4,884765152
[25045.934134] Parse,19393,7fc30964cde0,884765152
[25045.934145] Parse,19393,7fc3098902f0,884765152
[25045.934155] Parse,19393,7fc30941f438,884765152
[25045.934163] Parse,19393,7fc308d6bb1c,884765152
[25045.934171] Parse,19393,7fc30a7b9a10,884765152
[25045.934178] Parse,19393,7fc30aa4c45c,884765152
[25045.936122] Parse,19393,7fc30aa4c45c,888765386
[25045.936136] Parse,19393,7fc30badb154,888765386
[25045.936154] Parse,19393,7fc308b03870,888765386
