[18518.176637] Parse,5149,7ffd0d74f630,751801331
[18518.182092] Parse,5149,7ffd0d74f630,759801790
[18518.182098] Parse,5149,7ffd0d74f630,759801790
[18518.182102] Parse,5149,7f0ed8557a48,759801790
[18518.198087] Parse,5149,7f0ed8557a48,775802707
[18518.198093] Parse,5149,7f0ed8557a48,775802707
[18728.523943] Parse,5149,7ffd0d74eff8,111866755
[18728.536806] Parse,5149,7ffd0d74eff8,123867443
[18728.536834] Parse,5149,55b266e26018,123867443
[18728.537647] Parse,5149,55b266e26018,123867443
[18728.537653] Parse,5149,55b266e26090,123867443
[18728.537660] Parse,5149,7f0ed856f968,123867443
[18728.537663] Parse,5149,7f0ed8570485,123867443
[18728.537984] Parse,5149,7f0ed8570485,127867673
[18728.537988] Parse,5149,7f0ed857054c,127867673
[18728.537992] Parse,5149,7f0ed855c3dc,127867673
[18728.537995] Parse,5149,7f0ed855d2bc,127867673
[18728.538002] Parse,5149,7f0ed8345df8,127867673
[18728.538345] Parse,5149,7f0ed8345df8,127867673
[18728.538351] Parse,5149,7f0ed8141320,127867673
[18728.538357] Parse,5149,7f0ed8346280,127867673
[18728.538689] Parse,5149,7f0ed8346280,127867673
[18728.538694] Parse,5149,7f0ed8346280,127867673
[18728.538698] Parse,5149,7f0ed8137dc0,127867673
[18728.539046] Parse,5149,7f0ed8137dc0,127867673
[18728.539050] Parse,5149,7f0ed812f2b8,127867673
[18728.539337] Parse,5149,7f0ed812f2b8,127867673
[18728.539341] Parse,5149,7f0ed813aba0,127867673
[18728.539672] Parse,5149,7f0ed813aba0,127867673
[18728.539676] Parse,5149,7f0ed81385c8,127867673
[18728.539991] Parse,5149,7f0ed81385c8,127867673
[18728.539996] Parse,5149,7f0ed7e734e0,127867673
[18728.540002] Parse,5149,7f0ed813ab80,127867673
[18728.540007] Parse,5149,7f0ed7dd051d,127867673
[18728.540013] Parse,5149,7f0ed7e21afe,127867673
[18728.540017] Parse,5149,7f0ed855a590,127867673
[18728.540311] Parse,5149,7f0ed855a590,127867673
[18728.540314] Parse,5149,7f0ed7ded468,127867673
[18728.540320] Parse,5149,7f0ed813f250,127867673
[18728.540323] Parse,5149,7f0ed7db6ee8,127867673
[18728.540329] Parse,5149,7f0ed8139568,127867673
[18728.540333] Parse,5149,7f0ed7dce525,127867673
[18728.540339] Parse,5149,7f0ed7ef1b50,127867673
[18728.540344] Parse,5149,7f0ed7db4e08,127867673
[18728.540647] Parse,5149,7f0ed7db4e08,127867673
[18728.540652] Parse,5149,7f0ed7a23cd0,127867673
[18728.540657] Parse,5149,7f0ed7db514c,127867673
[18728.540945] Parse,5149,7f0ed7db514c,127867673
[18728.540949] Parse,5149,7f0ed7db514c,127867673
[18728.540952] Parse,5149,7f0ed7ae22f8,127867673
[18728.540957] Parse,5149,7f0ed7a16e48,127867673
[18728.541264] Parse,5149,7f0ed7a16e48,127867673
[18728.541269] Parse,5149,7f0ed7803130,127867673
[18728.541274] Parse,5149,7f0ed7a17180,127867673
[18728.541601] Parse,5149,7f0ed7a17180,127867673
[18728.541607] Parse,5149,7f0ed7a17180,127867673
[18728.541611] Parse,5149,7f0ed7813400,127867673
[18728.541618] Parse,5149,7f0ed72d4dd0,127867673
